order_id,customer_id,order_date,ship_date,ship_mode,region
O0001,C0067,2025-07-30,2025-08-04,Express,Isfahan
O0002,C0090,2025-07-24,2025-07-25,Standard,Mashhad
O0003,C0068,2025-07-12,2025-07-13,Express,Karaj
O0004,C0122,2025-04-25,2025-04-30,Express,Karaj
O0005,C0009,2025-08-12,2025-08-14,Express,Shiraz
O0006,C0027,2025-05-09,2025-05-11,Express,Shiraz
O0007,C0270,2025-10-15,2025-10-16,Standard,Tabriz
O0008,C0244,2025-09-03,2025-09-07,Express,Mashhad
O0009,C0263,2025-06-20,2025-06-25,Standard,Karaj
O0010,C0232,2025-06-28,2025-07-03,Standard,Karaj
O0011,C0023,2025-04-26,2025-05-02,Express,Tabriz
O0012,C0235,2025-05-30,2025-06-05,Standard,Tehran
O0013,C0032,2025-08-27,2025-08-31,Express,Karaj
O0014,C0219,2025-05-31,2025-06-06,Standard,Tehran
O0015,C0252,2025-07-12,2025-07-18,Express,Mashhad
O0016,C0038,2025-10-01,2025-10-02,Express,Mashhad
O0017,C0076,2025-07-10,2025-07-11,Standard,Mashhad
O0018,C0141,2025-09-01,2025-09-06,Express,Tabriz
O0019,C0196,2025-05-28,2025-06-02,Express,Karaj
O0020,C0233,2025-05-01,2025-05-06,Express,Shiraz
O0021,C0051,2025-07-27,2025-08-03,Standard,Karaj
O0022,C0283,2025-07-11,2025-07-17,Standard,Mashhad
O0023,C0221,2025-08-08,2025-08-12,Standard,Shiraz
O0024,C0212,2025-07-26,2025-07-29,Express,Mashhad
O0025,C0205,2025-06-06,2025-06-10,Standard,Karaj
O0026,C0161,2025-09-23,2025-09-27,Express,Mashhad
O0027,C0131,2025-06-29,2025-07-02,Standard,Karaj
O0028,C0243,2025-05-14,2025-05-15,Standard,Tehran
O0029,C0044,2025-06-14,2025-06-15,Express,Tabriz
O0030,C0050,2025-09-24,2025-09-30,Express,Isfahan
O0031,C0067,2025-06-19,2025-06-24,Standard,Isfahan
O0032,C0288,2025-08-29,2025-09-03,Express,Karaj
O0033,C0063,2025-05-17,2025-05-21,Express,Tehran
O0034,C0217,2025-09-09,2025-09-16,Standard,Shiraz
O0035,C0148,2025-07-06,2025-07-11,Express,Shiraz
O0036,C0181,2025-05-17,2025-05-18,Standard,Shiraz
O0037,C0080,2025-07-09,2025-07-15,Express,Mashhad
O0038,C0115,2025-06-13,2025-06-20,Standard,Shiraz
O0039,C0180,2025-09-02,2025-09-09,Express,Mashhad
O0040,C0059,2025-09-27,2025-10-04,Express,Shiraz
O0041,C0294,2025-07-30,2025-08-01,Express,Tehran
O0042,C0288,2025-09-24,2025-10-01,Standard,Karaj
O0043,C0137,2025-10-12,2025-10-13,Standard,Tabriz
O0044,C0140,2025-07-10,2025-07-16,Express,Mashhad
O0045,C0174,2025-05-20,2025-05-23,Standard,Isfahan
O0046,C0093,2025-07-23,2025-07-30,Standard,Isfahan
O0047,C0290,2025-10-08,2025-10-14,Express,Shiraz
O0048,C0036,2025-08-29,2025-08-31,Standard,Isfahan
O0049,C0047,2025-08-29,2025-09-04,Standard,Tabriz
O0050,C0193,2025-08-03,2025-08-07,Express,Mashhad
O0051,C0175,2025-08-12,2025-08-14,Express,Karaj
O0052,C0160,2025-06-19,2025-06-25,Express,Isfahan
O0053,C0291,2025-05-21,2025-05-26,Standard,Tehran
O0054,C0027,2025-06-11,2025-06-13,Standard,Shiraz
O0055,C0026,2025-08-24,2025-08-30,Standard,Tehran
O0056,C0140,2025-10-02,2025-10-06,Express,Mashhad
O0057,C0249,2025-07-18,2025-07-23,Express,Isfahan
O0058,C0213,2025-10-01,2025-10-04,Standard,Karaj
O0059,C0263,2025-06-13,2025-06-14,Express,Karaj
O0060,C0221,2025-09-28,2025-09-29,Express,Shiraz
O0061,C0250,2025-07-25,2025-07-30,Express,Isfahan
O0062,C0024,2025-06-24,2025-06-26,Express,Isfahan
O0063,C0029,2025-09-30,2025-10-01,Standard,Isfahan
O0064,C0155,2025-06-14,2025-06-16,Standard,Isfahan
O0065,C0131,2025-08-16,2025-08-19,Express,Karaj
O0066,C0062,2025-07-17,2025-07-18,Express,Tehran
O0067,C0221,2025-08-26,2025-08-28,Standard,Shiraz
O0068,C0195,2025-08-29,2025-09-03,Standard,Shiraz
O0069,C0257,2025-05-28,2025-06-02,Express,Isfahan
O0070,C0037,2025-09-11,2025-09-15,Standard,Tabriz
O0071,C0224,2025-04-22,2025-04-23,Express,Isfahan
O0072,C0040,2025-09-09,2025-09-16,Express,Karaj
O0073,C0295,2025-06-30,2025-07-04,Express,Mashhad
O0074,C0214,2025-07-17,2025-07-20,Standard,Isfahan
O0075,C0208,2025-08-16,2025-08-17,Express,Tabriz
O0076,C0088,2025-08-11,2025-08-18,Express,Tabriz
O0077,C0186,2025-05-04,2025-05-05,Express,Mashhad
O0078,C0055,2025-09-25,2025-09-27,Express,Tabriz
O0079,C0206,2025-09-30,2025-10-05,Standard,Tabriz
O0080,C0203,2025-05-13,2025-05-20,Express,Shiraz
O0081,C0174,2025-05-17,2025-05-19,Express,Isfahan
O0082,C0087,2025-06-22,2025-06-23,Standard,Tabriz
O0083,C0272,2025-05-31,2025-06-05,Standard,Karaj
O0084,C0179,2025-04-24,2025-04-27,Standard,Mashhad
O0085,C0121,2025-10-10,2025-10-11,Standard,Mashhad
O0086,C0132,2025-04-27,2025-04-29,Standard,Tehran
O0087,C0079,2025-08-31,2025-09-07,Standard,Mashhad
O0088,C0091,2025-06-18,2025-06-25,Express,Tabriz
O0089,C0238,2025-07-31,2025-08-07,Express,Isfahan
O0090,C0290,2025-07-26,2025-08-01,Express,Shiraz
O0091,C0162,2025-09-29,2025-10-01,Express,Karaj
O0092,C0035,2025-08-12,2025-08-16,Express,Tehran
O0093,C0156,2025-04-22,2025-04-29,Express,Tehran
O0094,C0029,2025-06-10,2025-06-13,Standard,Isfahan
O0095,C0159,2025-08-04,2025-08-08,Express,Mashhad
O0096,C0020,2025-08-27,2025-08-28,Express,Karaj
O0097,C0147,2025-05-27,2025-05-28,Standard,Mashhad
O0098,C0260,2025-08-19,2025-08-23,Express,Tehran
O0099,C0298,2025-07-05,2025-07-10,Standard,Isfahan
O0100,C0231,2025-04-30,2025-05-07,Standard,Karaj
O0101,C0165,2025-07-22,2025-07-27,Express,Karaj
O0102,C0257,2025-07-19,2025-07-21,Standard,Isfahan
O0103,C0231,2025-06-20,2025-06-21,Express,Karaj
O0104,C0044,2025-09-15,2025-09-20,Standard,Tabriz
O0105,C0021,2025-05-26,2025-05-28,Express,Shiraz
O0106,C0225,2025-06-15,2025-06-20,Standard,Tabriz
O0107,C0187,2025-07-18,2025-07-21,Express,Mashhad
O0108,C0199,2025-06-12,2025-06-16,Express,Isfahan
O0109,C0027,2025-07-09,2025-07-16,Express,Shiraz
O0110,C0034,2025-10-08,2025-10-11,Standard,Isfahan
O0111,C0286,2025-08-21,2025-08-27,Express,Mashhad
O0112,C0146,2025-10-13,2025-10-16,Standard,Karaj
O0113,C0171,2025-07-14,2025-07-15,Standard,Karaj
O0114,C0180,2025-06-15,2025-06-18,Express,Mashhad
O0115,C0067,2025-05-19,2025-05-24,Standard,Isfahan
O0116,C0159,2025-08-10,2025-08-15,Express,Mashhad
O0117,C0169,2025-10-01,2025-10-08,Standard,Tabriz
O0118,C0270,2025-09-24,2025-09-25,Express,Tabriz
O0119,C0261,2025-05-14,2025-05-17,Standard,Karaj
O0120,C0186,2025-05-21,2025-05-24,Standard,Mashhad
O0121,C0110,2025-05-11,2025-05-14,Express,Tehran
O0122,C0099,2025-09-22,2025-09-24,Standard,Isfahan
O0123,C0080,2025-07-28,2025-07-29,Express,Mashhad
O0124,C0052,2025-04-17,2025-04-22,Standard,Tabriz
O0125,C0173,2025-08-21,2025-08-28,Standard,Tabriz
O0126,C0193,2025-10-06,2025-10-08,Standard,Mashhad
O0127,C0093,2025-09-20,2025-09-27,Standard,Isfahan
O0128,C0225,2025-04-18,2025-04-19,Express,Tabriz
O0129,C0187,2025-09-21,2025-09-27,Standard,Mashhad
O0130,C0228,2025-08-11,2025-08-16,Express,Isfahan
O0131,C0230,2025-09-20,2025-09-22,Standard,Tabriz
O0132,C0159,2025-10-08,2025-10-15,Express,Mashhad
O0133,C0100,2025-06-06,2025-06-09,Express,Isfahan
O0134,C0237,2025-07-19,2025-07-26,Express,Karaj
O0135,C0196,2025-08-26,2025-08-31,Express,Karaj
O0136,C0083,2025-04-19,2025-04-26,Standard,Mashhad
O0137,C0071,2025-09-26,2025-10-03,Express,Tehran
O0138,C0027,2025-07-11,2025-07-17,Express,Shiraz
O0139,C0191,2025-08-07,2025-08-12,Standard,Isfahan
O0140,C0265,2025-06-29,2025-07-06,Standard,Shiraz
O0141,C0146,2025-10-06,2025-10-07,Standard,Karaj
O0142,C0140,2025-06-07,2025-06-11,Standard,Mashhad
O0143,C0224,2025-05-03,2025-05-04,Standard,Isfahan
O0144,C0231,2025-09-23,2025-09-26,Standard,Karaj
O0145,C0213,2025-09-04,2025-09-05,Express,Karaj
O0146,C0258,2025-05-21,2025-05-24,Standard,Isfahan
O0147,C0198,2025-05-21,2025-05-22,Express,Tabriz
O0148,C0115,2025-09-07,2025-09-08,Express,Shiraz
O0149,C0051,2025-06-19,2025-06-26,Express,Karaj
O0150,C0075,2025-08-01,2025-08-03,Standard,Mashhad
O0151,C0147,2025-07-31,2025-08-07,Express,Mashhad
O0152,C0072,2025-08-13,2025-08-20,Express,Tehran
O0153,C0230,2025-05-28,2025-06-02,Standard,Tabriz
O0154,C0041,2025-05-08,2025-05-09,Express,Tehran
O0155,C0111,2025-09-18,2025-09-25,Standard,Isfahan
O0156,C0281,2025-10-05,2025-10-11,Express,Shiraz
O0157,C0057,2025-06-22,2025-06-29,Express,Tabriz
O0158,C0122,2025-05-27,2025-05-30,Standard,Karaj
O0159,C0025,2025-08-10,2025-08-12,Express,Shiraz
O0160,C0235,2025-07-17,2025-07-18,Standard,Tehran
O0161,C0256,2025-07-22,2025-07-27,Standard,Karaj
O0162,C0264,2025-05-18,2025-05-23,Standard,Tehran
O0163,C0074,2025-06-25,2025-06-28,Express,Mashhad
O0164,C0001,2025-07-24,2025-07-29,Express,Karaj
O0165,C0124,2025-06-24,2025-06-29,Express,Isfahan
O0166,C0096,2025-06-05,2025-06-11,Standard,Shiraz
O0167,C0269,2025-08-27,2025-08-30,Standard,Karaj
O0168,C0270,2025-09-16,2025-09-21,Standard,Tabriz
O0169,C0200,2025-04-30,2025-05-07,Express,Tabriz
O0170,C0023,2025-07-23,2025-07-29,Express,Tabriz
O0171,C0192,2025-10-07,2025-10-10,Standard,Shiraz
O0172,C0183,2025-09-21,2025-09-28,Standard,Isfahan
O0173,C0177,2025-09-17,2025-09-19,Standard,Shiraz
O0174,C0298,2025-08-27,2025-09-02,Express,Isfahan
O0175,C0069,2025-10-01,2025-10-02,Express,Mashhad
O0176,C0280,2025-08-14,2025-08-17,Standard,Karaj
O0177,C0238,2025-07-09,2025-07-15,Express,Isfahan
O0178,C0094,2025-04-17,2025-04-24,Standard,Shiraz
O0179,C0033,2025-08-09,2025-08-15,Express,Tabriz
O0180,C0019,2025-04-24,2025-04-27,Standard,Mashhad
O0181,C0023,2025-06-24,2025-07-01,Standard,Tabriz
O0182,C0022,2025-07-10,2025-07-13,Express,Karaj
O0183,C0264,2025-04-21,2025-04-25,Express,Tehran
O0184,C0130,2025-09-02,2025-09-03,Standard,Shiraz
O0185,C0147,2025-08-01,2025-08-04,Standard,Mashhad
O0186,C0170,2025-05-27,2025-05-30,Standard,Shiraz
O0187,C0189,2025-07-12,2025-07-16,Express,Mashhad
O0188,C0226,2025-10-13,2025-10-17,Express,Karaj
O0189,C0096,2025-09-14,2025-09-18,Express,Shiraz
O0190,C0189,2025-08-19,2025-08-26,Express,Mashhad
O0191,C0043,2025-08-22,2025-08-28,Express,Karaj
O0192,C0041,2025-06-22,2025-06-26,Standard,Tehran
O0193,C0280,2025-08-09,2025-08-12,Express,Karaj
O0194,C0053,2025-09-09,2025-09-10,Express,Karaj
O0195,C0152,2025-08-29,2025-09-01,Express,Karaj
O0196,C0219,2025-07-02,2025-07-04,Express,Tehran
O0197,C0180,2025-06-05,2025-06-09,Standard,Mashhad
O0198,C0181,2025-09-28,2025-10-03,Express,Shiraz
O0199,C0141,2025-09-28,2025-10-04,Standard,Tabriz
O0200,C0039,2025-10-13,2025-10-19,Express,Tabriz
O0201,C0187,2025-07-08,2025-07-13,Standard,Mashhad
O0202,C0016,2025-05-14,2025-05-16,Express,Karaj
O0203,C0018,2025-09-07,2025-09-09,Standard,Tehran
O0204,C0121,2025-06-01,2025-06-08,Express,Mashhad
O0205,C0186,2025-10-07,2025-10-11,Standard,Mashhad
O0206,C0079,2025-07-18,2025-07-24,Express,Mashhad
O0207,C0190,2025-10-10,2025-10-13,Express,Shiraz
O0208,C0040,2025-06-05,2025-06-10,Standard,Karaj
O0209,C0272,2025-08-29,2025-09-01,Express,Karaj
O0210,C0161,2025-10-02,2025-10-08,Express,Mashhad
O0211,C0128,2025-08-28,2025-08-29,Standard,Tehran
O0212,C0096,2025-07-31,2025-08-04,Express,Shiraz
O0213,C0288,2025-10-02,2025-10-03,Express,Karaj
O0214,C0134,2025-08-11,2025-08-17,Express,Tehran
O0215,C0110,2025-09-01,2025-09-06,Express,Tehran
O0216,C0252,2025-09-16,2025-09-18,Standard,Mashhad
O0217,C0070,2025-06-27,2025-07-04,Standard,Karaj
O0218,C0232,2025-07-24,2025-07-26,Express,Karaj
O0219,C0045,2025-09-21,2025-09-28,Express,Karaj
O0220,C0178,2025-08-29,2025-09-04,Standard,Tehran
O0221,C0282,2025-04-25,2025-04-30,Express,Shiraz
O0222,C0154,2025-07-30,2025-08-06,Standard,Isfahan
O0223,C0090,2025-07-12,2025-07-19,Express,Mashhad
O0224,C0261,2025-05-26,2025-05-28,Standard,Karaj
O0225,C0103,2025-06-29,2025-07-06,Standard,Karaj
O0226,C0122,2025-09-17,2025-09-24,Express,Karaj
O0227,C0014,2025-06-26,2025-06-29,Express,Mashhad
O0228,C0240,2025-09-06,2025-09-13,Standard,Tehran
O0229,C0045,2025-09-08,2025-09-09,Express,Karaj
O0230,C0204,2025-10-04,2025-10-10,Express,Shiraz
O0231,C0270,2025-09-11,2025-09-15,Express,Tabriz
O0232,C0295,2025-07-25,2025-07-26,Standard,Mashhad
O0233,C0163,2025-07-02,2025-07-08,Standard,Tabriz
O0234,C0231,2025-08-31,2025-09-04,Express,Karaj
O0235,C0066,2025-07-03,2025-07-10,Standard,Isfahan
O0236,C0067,2025-08-07,2025-08-11,Standard,Isfahan
O0237,C0064,2025-07-17,2025-07-22,Standard,Karaj
O0238,C0156,2025-05-09,2025-05-11,Standard,Tehran
O0239,C0166,2025-10-08,2025-10-14,Standard,Tabriz
O0240,C0178,2025-07-06,2025-07-11,Express,Tehran
O0241,C0041,2025-09-10,2025-09-13,Standard,Tehran
O0242,C0283,2025-09-20,2025-09-23,Standard,Mashhad
O0243,C0156,2025-06-06,2025-06-11,Standard,Tehran
O0244,C0258,2025-08-28,2025-09-03,Standard,Isfahan
O0245,C0298,2025-05-18,2025-05-20,Standard,Isfahan
O0246,C0173,2025-07-02,2025-07-09,Standard,Tabriz
O0247,C0015,2025-10-10,2025-10-11,Standard,Karaj
O0248,C0296,2025-08-27,2025-08-30,Standard,Mashhad
O0249,C0293,2025-05-02,2025-05-06,Standard,Tabriz
O0250,C0255,2025-06-20,2025-06-26,Express,Isfahan
O0251,C0155,2025-10-01,2025-10-05,Standard,Isfahan
O0252,C0208,2025-06-27,2025-06-30,Express,Tabriz
O0253,C0038,2025-05-12,2025-05-18,Standard,Mashhad
O0254,C0081,2025-07-20,2025-07-24,Express,Mashhad
O0255,C0248,2025-10-10,2025-10-14,Standard,Tehran
O0256,C0175,2025-08-14,2025-08-19,Standard,Karaj
O0257,C0161,2025-06-22,2025-06-29,Express,Mashhad
O0258,C0177,2025-08-28,2025-09-01,Standard,Shiraz
O0259,C0190,2025-07-06,2025-07-11,Standard,Shiraz
O0260,C0164,2025-05-26,2025-05-28,Express,Mashhad
O0261,C0063,2025-09-17,2025-09-20,Express,Tehran
O0262,C0127,2025-10-13,2025-10-15,Standard,Shiraz
O0263,C0026,2025-05-12,2025-05-15,Express,Tehran
O0264,C0215,2025-10-08,2025-10-10,Standard,Mashhad
O0265,C0168,2025-08-21,2025-08-26,Express,Shiraz
O0266,C0098,2025-05-20,2025-05-27,Standard,Tabriz
O0267,C0256,2025-09-30,2025-10-05,Express,Karaj
O0268,C0256,2025-04-23,2025-04-26,Express,Karaj
O0269,C0012,2025-09-12,2025-09-13,Express,Shiraz
O0270,C0259,2025-05-09,2025-05-13,Standard,Mashhad
O0271,C0111,2025-04-29,2025-05-04,Express,Isfahan
O0272,C0025,2025-05-08,2025-05-09,Express,Shiraz
O0273,C0254,2025-10-01,2025-10-06,Express,Tabriz
O0274,C0147,2025-06-12,2025-06-17,Standard,Mashhad
O0275,C0056,2025-06-10,2025-06-14,Standard,Mashhad
O0276,C0136,2025-08-12,2025-08-18,Express,Tabriz
O0277,C0207,2025-05-26,2025-05-29,Standard,Karaj
O0278,C0206,2025-05-15,2025-05-16,Standard,Tabriz
O0279,C0186,2025-04-29,2025-05-04,Express,Mashhad
O0280,C0038,2025-05-09,2025-05-13,Express,Mashhad
O0281,C0282,2025-06-14,2025-06-17,Standard,Shiraz
O0282,C0066,2025-07-03,2025-07-04,Express,Isfahan
O0283,C0192,2025-06-04,2025-06-11,Express,Shiraz
O0284,C0286,2025-05-07,2025-05-10,Standard,Mashhad
O0285,C0102,2025-07-21,2025-07-26,Express,Tabriz
O0286,C0257,2025-08-09,2025-08-10,Standard,Isfahan
O0287,C0020,2025-05-12,2025-05-14,Express,Karaj
O0288,C0243,2025-05-03,2025-05-08,Express,Tehran
O0289,C0077,2025-04-17,2025-04-22,Standard,Karaj
O0290,C0168,2025-09-26,2025-10-01,Express,Shiraz
O0291,C0084,2025-08-07,2025-08-11,Express,Isfahan
O0292,C0173,2025-05-06,2025-05-11,Express,Tabriz
O0293,C0289,2025-08-22,2025-08-25,Express,Isfahan
O0294,C0009,2025-06-20,2025-06-23,Express,Shiraz
O0295,C0057,2025-05-20,2025-05-24,Express,Tabriz
O0296,C0014,2025-07-27,2025-08-01,Express,Mashhad
O0297,C0136,2025-05-11,2025-05-17,Standard,Tabriz
O0298,C0027,2025-07-09,2025-07-14,Express,Shiraz
O0299,C0088,2025-07-09,2025-07-14,Express,Tabriz
O0300,C0076,2025-10-06,2025-10-13,Standard,Mashhad
O0301,C0017,2025-07-26,2025-07-31,Standard,Karaj
O0302,C0098,2025-06-11,2025-06-12,Express,Tabriz
O0303,C0161,2025-06-14,2025-06-18,Standard,Mashhad
O0304,C0212,2025-10-09,2025-10-15,Standard,Mashhad
O0305,C0211,2025-07-17,2025-07-22,Express,Mashhad
O0306,C0032,2025-10-03,2025-10-09,Standard,Karaj
O0307,C0266,2025-04-25,2025-04-27,Express,Tehran
O0308,C0245,2025-10-09,2025-10-14,Express,Shiraz
O0309,C0161,2025-05-25,2025-05-27,Express,Mashhad
O0310,C0273,2025-08-18,2025-08-21,Express,Tehran
O0311,C0136,2025-06-21,2025-06-26,Express,Tabriz
O0312,C0099,2025-08-24,2025-08-26,Express,Isfahan
O0313,C0286,2025-05-31,2025-06-03,Standard,Mashhad
O0314,C0153,2025-10-10,2025-10-17,Express,Tabriz
O0315,C0107,2025-08-15,2025-08-21,Express,Isfahan
O0316,C0163,2025-04-23,2025-04-27,Express,Tabriz
O0317,C0287,2025-08-03,2025-08-10,Express,Tabriz
O0318,C0148,2025-10-07,2025-10-08,Express,Shiraz
O0319,C0203,2025-07-24,2025-07-31,Express,Shiraz
O0320,C0075,2025-10-12,2025-10-15,Standard,Mashhad
O0321,C0148,2025-08-07,2025-08-13,Standard,Shiraz
O0322,C0178,2025-08-16,2025-08-20,Express,Tehran
O0323,C0246,2025-05-17,2025-05-19,Standard,Shiraz
O0324,C0276,2025-05-20,2025-05-23,Express,Mashhad
O0325,C0071,2025-08-05,2025-08-06,Standard,Tehran
O0326,C0125,2025-06-30,2025-07-01,Standard,Tehran
O0327,C0120,2025-07-01,2025-07-02,Standard,Isfahan
O0328,C0212,2025-07-03,2025-07-06,Express,Mashhad
O0329,C0052,2025-09-17,2025-09-23,Standard,Tabriz
O0330,C0003,2025-05-30,2025-06-04,Standard,Karaj
O0331,C0209,2025-05-12,2025-05-18,Express,Tabriz
O0332,C0245,2025-05-01,2025-05-07,Standard,Shiraz
O0333,C0148,2025-07-04,2025-07-07,Express,Shiraz
O0334,C0031,2025-09-21,2025-09-28,Standard,Shiraz
O0335,C0294,2025-06-03,2025-06-05,Standard,Tehran
O0336,C0090,2025-04-24,2025-04-28,Standard,Mashhad
O0337,C0019,2025-06-09,2025-06-16,Express,Mashhad
O0338,C0254,2025-05-01,2025-05-03,Express,Tabriz
O0339,C0020,2025-07-25,2025-07-26,Express,Karaj
O0340,C0291,2025-07-14,2025-07-19,Standard,Tehran
O0341,C0172,2025-08-13,2025-08-16,Express,Shiraz
O0342,C0279,2025-09-03,2025-09-08,Express,Mashhad
O0343,C0069,2025-08-04,2025-08-11,Express,Mashhad
O0344,C0140,2025-07-30,2025-08-01,Standard,Mashhad
O0345,C0170,2025-08-23,2025-08-25,Express,Shiraz
O0346,C0132,2025-07-04,2025-07-10,Standard,Tehran
O0347,C0008,2025-08-02,2025-08-08,Express,Tehran
O0348,C0152,2025-06-30,2025-07-05,Standard,Karaj
O0349,C0090,2025-09-26,2025-10-01,Express,Mashhad
O0350,C0219,2025-08-25,2025-08-30,Express,Tehran
O0351,C0045,2025-06-29,2025-07-03,Standard,Karaj
O0352,C0095,2025-09-17,2025-09-19,Express,Karaj
O0353,C0166,2025-09-24,2025-09-26,Standard,Tabriz
O0354,C0134,2025-06-27,2025-07-01,Standard,Tehran
O0355,C0229,2025-07-25,2025-08-01,Express,Shiraz
O0356,C0169,2025-06-02,2025-06-05,Standard,Tabriz
O0357,C0134,2025-07-02,2025-07-08,Express,Tehran
O0358,C0121,2025-07-24,2025-07-25,Standard,Mashhad
O0359,C0239,2025-09-12,2025-09-15,Standard,Shiraz
O0360,C0208,2025-09-30,2025-10-06,Express,Tabriz
O0361,C0061,2025-06-06,2025-06-12,Express,Tehran
O0362,C0189,2025-08-02,2025-08-07,Standard,Mashhad
O0363,C0113,2025-10-09,2025-10-11,Express,Tabriz
O0364,C0079,2025-04-19,2025-04-23,Express,Mashhad
O0365,C0213,2025-07-24,2025-07-30,Express,Karaj
O0366,C0276,2025-10-09,2025-10-16,Standard,Mashhad
O0367,C0127,2025-05-19,2025-05-25,Standard,Shiraz
O0368,C0270,2025-09-28,2025-10-02,Express,Tabriz
O0369,C0040,2025-07-17,2025-07-22,Standard,Karaj
O0370,C0032,2025-10-03,2025-10-10,Standard,Karaj
O0371,C0294,2025-05-14,2025-05-19,Standard,Tehran
O0372,C0085,2025-07-16,2025-07-19,Express,Tehran
O0373,C0060,2025-09-01,2025-09-07,Standard,Tabriz
O0374,C0299,2025-09-28,2025-10-02,Standard,Mashhad
O0375,C0262,2025-05-19,2025-05-23,Standard,Tehran
O0376,C0233,2025-09-26,2025-09-28,Express,Shiraz
O0377,C0234,2025-09-12,2025-09-17,Standard,Tehran
O0378,C0287,2025-09-09,2025-09-13,Express,Tabriz
O0379,C0012,2025-07-23,2025-07-27,Express,Shiraz
O0380,C0002,2025-05-09,2025-05-15,Standard,Isfahan
O0381,C0297,2025-08-23,2025-08-24,Standard,Mashhad
O0382,C0217,2025-06-16,2025-06-19,Standard,Shiraz
O0383,C0278,2025-07-06,2025-07-07,Standard,Tehran
O0384,C0242,2025-09-19,2025-09-20,Express,Karaj
O0385,C0210,2025-09-20,2025-09-22,Standard,Tehran
O0386,C0216,2025-08-13,2025-08-16,Express,Shiraz
O0387,C0230,2025-05-15,2025-05-22,Express,Tabriz
O0388,C0193,2025-06-02,2025-06-03,Standard,Mashhad
O0389,C0179,2025-08-13,2025-08-14,Standard,Mashhad
O0390,C0276,2025-10-01,2025-10-05,Standard,Mashhad
O0391,C0115,2025-09-21,2025-09-28,Standard,Shiraz
O0392,C0012,2025-06-04,2025-06-07,Express,Shiraz
O0393,C0279,2025-05-16,2025-05-20,Express,Mashhad
O0394,C0118,2025-05-29,2025-05-31,Express,Isfahan
O0395,C0178,2025-09-22,2025-09-24,Express,Tehran
O0396,C0097,2025-08-17,2025-08-23,Standard,Mashhad
O0397,C0017,2025-07-17,2025-07-24,Express,Karaj
O0398,C0009,2025-08-28,2025-08-30,Standard,Shiraz
O0399,C0035,2025-06-22,2025-06-23,Standard,Tehran
O0400,C0229,2025-04-26,2025-05-01,Standard,Shiraz
O0401,C0126,2025-06-01,2025-06-07,Standard,Isfahan
O0402,C0206,2025-08-09,2025-08-13,Standard,Tabriz
O0403,C0277,2025-08-25,2025-08-27,Standard,Isfahan
O0404,C0072,2025-08-10,2025-08-15,Express,Tehran
O0405,C0120,2025-09-27,2025-10-04,Express,Isfahan
O0406,C0296,2025-05-25,2025-05-30,Express,Mashhad
O0407,C0122,2025-08-22,2025-08-25,Standard,Karaj
O0408,C0267,2025-08-21,2025-08-23,Express,Tabriz
O0409,C0154,2025-08-15,2025-08-18,Standard,Isfahan
O0410,C0286,2025-09-16,2025-09-21,Standard,Mashhad
O0411,C0219,2025-07-23,2025-07-28,Express,Tehran
O0412,C0025,2025-09-29,2025-10-02,Express,Shiraz
O0413,C0269,2025-05-28,2025-05-31,Express,Karaj
O0414,C0210,2025-06-09,2025-06-11,Express,Tehran
O0415,C0193,2025-08-22,2025-08-24,Express,Mashhad
O0416,C0124,2025-09-18,2025-09-25,Standard,Isfahan
O0417,C0154,2025-05-31,2025-06-07,Standard,Isfahan
O0418,C0238,2025-08-21,2025-08-22,Express,Isfahan
O0419,C0214,2025-08-31,2025-09-05,Standard,Isfahan
O0420,C0199,2025-05-13,2025-05-15,Express,Isfahan
O0421,C0105,2025-04-21,2025-04-24,Standard,Karaj
O0422,C0231,2025-06-28,2025-07-05,Express,Karaj
O0423,C0048,2025-08-08,2025-08-13,Standard,Tehran
O0424,C0027,2025-08-13,2025-08-16,Express,Shiraz
O0425,C0021,2025-05-21,2025-05-28,Standard,Shiraz
O0426,C0097,2025-10-11,2025-10-18,Standard,Mashhad
O0427,C0246,2025-07-13,2025-07-15,Express,Shiraz
O0428,C0156,2025-06-09,2025-06-10,Standard,Tehran
O0429,C0098,2025-06-05,2025-06-11,Standard,Tabriz
O0430,C0246,2025-05-02,2025-05-04,Standard,Shiraz
O0431,C0204,2025-10-12,2025-10-14,Express,Shiraz
O0432,C0145,2025-07-29,2025-08-02,Express,Isfahan
O0433,C0274,2025-10-06,2025-10-12,Express,Karaj
O0434,C0158,2025-09-03,2025-09-06,Express,Mashhad
O0435,C0263,2025-09-16,2025-09-20,Express,Karaj
O0436,C0051,2025-07-20,2025-07-27,Express,Karaj
O0437,C0164,2025-08-05,2025-08-07,Express,Mashhad
O0438,C0161,2025-05-07,2025-05-11,Standard,Mashhad
O0439,C0289,2025-10-13,2025-10-20,Standard,Isfahan
O0440,C0075,2025-09-03,2025-09-04,Express,Mashhad
O0441,C0284,2025-08-09,2025-08-14,Express,Shiraz
O0442,C0152,2025-09-12,2025-09-14,Standard,Karaj
O0443,C0169,2025-06-01,2025-06-03,Express,Tabriz
O0444,C0292,2025-10-10,2025-10-17,Standard,Karaj
O0445,C0256,2025-08-29,2025-09-03,Express,Karaj
O0446,C0132,2025-07-04,2025-07-11,Express,Tehran
O0447,C0252,2025-09-01,2025-09-05,Standard,Mashhad
O0448,C0181,2025-08-03,2025-08-05,Standard,Shiraz
O0449,C0280,2025-06-05,2025-06-09,Standard,Karaj
O0450,C0278,2025-08-02,2025-08-08,Standard,Tehran
O0451,C0269,2025-04-20,2025-04-21,Standard,Karaj
O0452,C0025,2025-04-17,2025-04-24,Standard,Shiraz
O0453,C0212,2025-07-26,2025-07-28,Standard,Mashhad
O0454,C0035,2025-06-13,2025-06-19,Standard,Tehran
O0455,C0005,2025-05-11,2025-05-13,Express,Isfahan
O0456,C0192,2025-08-15,2025-08-16,Express,Shiraz
O0457,C0250,2025-07-11,2025-07-12,Standard,Isfahan
O0458,C0273,2025-10-03,2025-10-08,Express,Tehran
O0459,C0007,2025-06-28,2025-06-29,Express,Isfahan
O0460,C0275,2025-06-17,2025-06-20,Standard,Tabriz
O0461,C0258,2025-10-16,2025-10-23,Express,Isfahan
O0462,C0092,2025-05-16,2025-05-17,Standard,Mashhad
O0463,C0269,2025-04-22,2025-04-24,Standard,Karaj
O0464,C0099,2025-05-17,2025-05-22,Express,Isfahan
O0465,C0182,2025-06-15,2025-06-18,Express,Tabriz
O0466,C0041,2025-07-02,2025-07-05,Express,Tehran
O0467,C0236,2025-06-06,2025-06-11,Standard,Isfahan
O0468,C0116,2025-09-13,2025-09-16,Standard,Isfahan
O0469,C0017,2025-10-03,2025-10-04,Express,Karaj
O0470,C0195,2025-04-20,2025-04-24,Express,Shiraz
O0471,C0029,2025-07-10,2025-07-16,Standard,Isfahan
O0472,C0088,2025-09-27,2025-09-28,Express,Tabriz
O0473,C0223,2025-08-14,2025-08-20,Express,Tabriz
O0474,C0290,2025-08-12,2025-08-19,Standard,Shiraz
O0475,C0271,2025-06-16,2025-06-17,Standard,Tehran
O0476,C0109,2025-07-05,2025-07-12,Express,Karaj
O0477,C0139,2025-05-18,2025-05-19,Standard,Tabriz
O0478,C0144,2025-05-08,2025-05-13,Standard,Mashhad
O0479,C0092,2025-05-12,2025-05-19,Express,Mashhad
O0480,C0009,2025-07-05,2025-07-07,Standard,Shiraz
O0481,C0204,2025-09-13,2025-09-14,Express,Shiraz
O0482,C0084,2025-05-14,2025-05-19,Standard,Isfahan
O0483,C0291,2025-05-03,2025-05-10,Express,Tehran
O0484,C0277,2025-05-18,2025-05-21,Express,Isfahan
O0485,C0072,2025-09-30,2025-10-07,Standard,Tehran
O0486,C0257,2025-07-03,2025-07-09,Express,Isfahan
O0487,C0028,2025-10-04,2025-10-05,Express,Tehran
O0488,C0119,2025-08-10,2025-08-17,Standard,Shiraz
O0489,C0175,2025-10-14,2025-10-19,Express,Karaj
O0490,C0168,2025-05-04,2025-05-05,Express,Shiraz
O0491,C0231,2025-07-24,2025-07-28,Standard,Karaj
O0492,C0183,2025-05-25,2025-05-30,Express,Isfahan
O0493,C0222,2025-07-10,2025-07-12,Express,Shiraz
O0494,C0044,2025-06-25,2025-07-02,Express,Tabriz
O0495,C0127,2025-07-17,2025-07-23,Standard,Shiraz
O0496,C0043,2025-08-31,2025-09-03,Standard,Karaj
O0497,C0195,2025-06-24,2025-06-30,Standard,Shiraz
O0498,C0200,2025-05-23,2025-05-26,Express,Tabriz
O0499,C0055,2025-09-07,2025-09-08,Standard,Tabriz
O0500,C0158,2025-06-30,2025-07-04,Express,Mashhad
O0501,C0139,2025-09-14,2025-09-15,Standard,Tabriz
O0502,C0045,2025-10-02,2025-10-04,Express,Karaj
O0503,C0230,2025-05-11,2025-05-16,Express,Tabriz
O0504,C0053,2025-06-13,2025-06-14,Standard,Karaj
O0505,C0182,2025-07-30,2025-08-04,Standard,Tabriz
O0506,C0167,2025-08-24,2025-08-31,Express,Isfahan
O0507,C0007,2025-05-31,2025-06-03,Express,Isfahan
O0508,C0199,2025-06-28,2025-07-05,Standard,Isfahan
O0509,C0287,2025-06-03,2025-06-05,Standard,Tabriz
O0510,C0195,2025-07-07,2025-07-09,Standard,Shiraz
O0511,C0138,2025-05-30,2025-06-02,Express,Tehran
O0512,C0253,2025-08-02,2025-08-04,Standard,Tabriz
O0513,C0086,2025-04-24,2025-04-28,Express,Tehran
O0514,C0216,2025-05-13,2025-05-16,Express,Shiraz
O0515,C0040,2025-07-05,2025-07-08,Express,Karaj
O0516,C0127,2025-10-01,2025-10-07,Express,Shiraz
O0517,C0101,2025-05-05,2025-05-09,Standard,Isfahan
O0518,C0070,2025-08-30,2025-09-02,Standard,Karaj
O0519,C0203,2025-09-21,2025-09-24,Express,Shiraz
O0520,C0169,2025-05-29,2025-06-02,Express,Tabriz
O0521,C0221,2025-04-19,2025-04-26,Standard,Shiraz
O0522,C0154,2025-06-16,2025-06-19,Standard,Isfahan
O0523,C0246,2025-05-01,2025-05-04,Standard,Shiraz
O0524,C0204,2025-06-25,2025-06-28,Express,Shiraz
O0525,C0252,2025-04-19,2025-04-24,Standard,Mashhad
O0526,C0167,2025-07-27,2025-07-31,Express,Isfahan
O0527,C0202,2025-04-26,2025-04-29,Standard,Isfahan
O0528,C0289,2025-06-22,2025-06-24,Standard,Isfahan
O0529,C0282,2025-07-08,2025-07-09,Express,Shiraz
O0530,C0108,2025-07-07,2025-07-11,Express,Shiraz
O0531,C0036,2025-10-10,2025-10-17,Express,Isfahan
O0532,C0256,2025-07-30,2025-08-01,Express,Karaj
O0533,C0124,2025-04-26,2025-04-29,Standard,Isfahan
O0534,C0217,2025-09-01,2025-09-08,Express,Shiraz
O0535,C0038,2025-04-19,2025-04-23,Express,Mashhad
O0536,C0299,2025-10-09,2025-10-13,Express,Mashhad
O0537,C0279,2025-09-21,2025-09-22,Express,Mashhad
O0538,C0275,2025-08-22,2025-08-27,Standard,Tabriz
O0539,C0056,2025-09-24,2025-10-01,Standard,Mashhad
O0540,C0182,2025-07-28,2025-07-30,Standard,Tabriz
O0541,C0289,2025-08-29,2025-09-04,Express,Isfahan
O0542,C0170,2025-09-17,2025-09-24,Express,Shiraz
O0543,C0055,2025-05-31,2025-06-01,Standard,Tabriz
O0544,C0133,2025-06-16,2025-06-18,Standard,Tabriz
O0545,C0229,2025-04-18,2025-04-21,Express,Shiraz
O0546,C0238,2025-04-20,2025-04-27,Standard,Isfahan
O0547,C0177,2025-06-05,2025-06-06,Express,Shiraz
O0548,C0054,2025-04-30,2025-05-03,Express,Shiraz
O0549,C0044,2025-09-14,2025-09-15,Standard,Tabriz
O0550,C0179,2025-06-26,2025-06-29,Express,Mashhad
O0551,C0234,2025-08-30,2025-09-06,Standard,Tehran
O0552,C0267,2025-09-24,2025-09-28,Express,Tabriz
O0553,C0244,2025-04-18,2025-04-19,Express,Mashhad
O0554,C0232,2025-07-17,2025-07-20,Standard,Karaj
O0555,C0154,2025-07-26,2025-07-27,Standard,Isfahan
O0556,C0012,2025-07-13,2025-07-20,Express,Shiraz
O0557,C0056,2025-08-17,2025-08-23,Standard,Mashhad
O0558,C0125,2025-06-15,2025-06-20,Standard,Tehran
O0559,C0283,2025-10-09,2025-10-11,Express,Mashhad
O0560,C0287,2025-09-10,2025-09-14,Express,Tabriz
O0561,C0119,2025-07-04,2025-07-11,Express,Shiraz
O0562,C0095,2025-04-26,2025-04-28,Express,Karaj
O0563,C0203,2025-08-24,2025-08-25,Standard,Shiraz
O0564,C0231,2025-09-29,2025-10-04,Express,Karaj
O0565,C0200,2025-10-14,2025-10-15,Standard,Tabriz
O0566,C0106,2025-06-14,2025-06-17,Standard,Shiraz
O0567,C0296,2025-05-28,2025-05-29,Standard,Mashhad
O0568,C0188,2025-09-01,2025-09-04,Standard,Karaj
O0569,C0235,2025-05-19,2025-05-20,Express,Tehran
O0570,C0251,2025-04-30,2025-05-05,Express,Tabriz
O0571,C0199,2025-09-01,2025-09-06,Express,Isfahan
O0572,C0059,2025-05-30,2025-06-02,Express,Shiraz
O0573,C0235,2025-09-08,2025-09-13,Standard,Tehran
O0574,C0153,2025-09-18,2025-09-23,Standard,Tabriz
O0575,C0069,2025-10-05,2025-10-08,Standard,Mashhad
O0576,C0123,2025-05-08,2025-05-11,Standard,Karaj
O0577,C0094,2025-09-03,2025-09-06,Standard,Shiraz
O0578,C0262,2025-05-17,2025-05-21,Express,Tehran
O0579,C0071,2025-05-18,2025-05-23,Express,Tehran
O0580,C0217,2025-10-06,2025-10-08,Express,Shiraz
O0581,C0276,2025-09-24,2025-09-30,Standard,Mashhad
O0582,C0285,2025-09-14,2025-09-16,Express,Mashhad
O0583,C0148,2025-06-07,2025-06-09,Standard,Shiraz
O0584,C0162,2025-09-19,2025-09-26,Express,Karaj
O0585,C0028,2025-08-13,2025-08-20,Express,Tehran
O0586,C0005,2025-08-28,2025-09-01,Standard,Isfahan
O0587,C0100,2025-09-20,2025-09-27,Express,Isfahan
O0588,C0288,2025-09-20,2025-09-25,Express,Karaj
O0589,C0210,2025-05-04,2025-05-10,Express,Tehran
O0590,C0213,2025-10-05,2025-10-11,Express,Karaj
O0591,C0251,2025-07-05,2025-07-07,Standard,Tabriz
O0592,C0290,2025-06-22,2025-06-23,Standard,Shiraz
O0593,C0150,2025-08-19,2025-08-20,Express,Mashhad
O0594,C0116,2025-06-17,2025-06-22,Express,Isfahan
O0595,C0087,2025-09-07,2025-09-14,Express,Tabriz
O0596,C0290,2025-09-27,2025-10-03,Express,Shiraz
O0597,C0282,2025-09-25,2025-09-30,Standard,Shiraz
O0598,C0294,2025-09-25,2025-09-26,Express,Tehran
O0599,C0279,2025-10-15,2025-10-22,Express,Mashhad
O0600,C0278,2025-08-13,2025-08-20,Standard,Tehran
O0601,C0226,2025-06-03,2025-06-08,Standard,Karaj
O0602,C0218,2025-06-04,2025-06-05,Standard,Mashhad
O0603,C0153,2025-05-01,2025-05-08,Standard,Tabriz
O0604,C0231,2025-05-05,2025-05-08,Express,Karaj
O0605,C0045,2025-08-29,2025-09-02,Standard,Karaj
O0606,C0122,2025-08-16,2025-08-18,Express,Karaj
O0607,C0220,2025-06-29,2025-07-01,Standard,Isfahan
O0608,C0106,2025-07-25,2025-08-01,Standard,Shiraz
O0609,C0031,2025-09-17,2025-09-22,Express,Shiraz
O0610,C0273,2025-08-24,2025-08-27,Standard,Tehran
O0611,C0166,2025-06-22,2025-06-28,Express,Tabriz
O0612,C0149,2025-09-27,2025-10-02,Express,Tabriz
O0613,C0264,2025-06-18,2025-06-24,Standard,Tehran
O0614,C0070,2025-05-01,2025-05-08,Express,Karaj
O0615,C0031,2025-07-20,2025-07-23,Standard,Shiraz
O0616,C0068,2025-08-06,2025-08-08,Standard,Karaj
O0617,C0165,2025-05-10,2025-05-17,Standard,Karaj
O0618,C0202,2025-06-03,2025-06-07,Standard,Isfahan
O0619,C0296,2025-05-29,2025-06-04,Express,Mashhad
O0620,C0213,2025-08-03,2025-08-07,Express,Karaj
O0621,C0039,2025-06-24,2025-06-30,Standard,Tabriz
O0622,C0207,2025-07-03,2025-07-08,Express,Karaj
O0623,C0189,2025-08-04,2025-08-08,Express,Mashhad
O0624,C0168,2025-08-16,2025-08-21,Standard,Shiraz
O0625,C0048,2025-05-18,2025-05-24,Express,Tehran
O0626,C0184,2025-10-06,2025-10-13,Standard,Mashhad
O0627,C0274,2025-08-21,2025-08-25,Standard,Karaj
O0628,C0220,2025-09-24,2025-10-01,Standard,Isfahan
O0629,C0254,2025-06-18,2025-06-21,Express,Tabriz
O0630,C0146,2025-07-09,2025-07-12,Standard,Karaj
O0631,C0290,2025-06-07,2025-06-14,Express,Shiraz
O0632,C0176,2025-07-01,2025-07-07,Standard,Tehran
O0633,C0024,2025-07-29,2025-07-30,Express,Isfahan
O0634,C0009,2025-06-28,2025-06-29,Standard,Shiraz
O0635,C0226,2025-06-24,2025-06-28,Standard,Karaj
O0636,C0220,2025-05-08,2025-05-10,Standard,Isfahan
O0637,C0155,2025-07-08,2025-07-10,Express,Isfahan
O0638,C0048,2025-04-22,2025-04-28,Express,Tehran
O0639,C0129,2025-04-20,2025-04-21,Express,Shiraz
O0640,C0085,2025-05-08,2025-05-09,Express,Tehran
O0641,C0157,2025-09-28,2025-10-04,Standard,Tabriz
O0642,C0220,2025-05-07,2025-05-13,Standard,Isfahan
O0643,C0049,2025-05-24,2025-05-25,Standard,Shiraz
O0644,C0245,2025-05-08,2025-05-09,Standard,Shiraz
O0645,C0116,2025-05-08,2025-05-13,Express,Isfahan
O0646,C0005,2025-10-16,2025-10-17,Express,Isfahan
O0647,C0062,2025-08-08,2025-08-15,Express,Tehran
O0648,C0068,2025-07-01,2025-07-05,Standard,Karaj
O0649,C0118,2025-09-30,2025-10-04,Standard,Isfahan
O0650,C0053,2025-07-12,2025-07-13,Express,Karaj
O0651,C0189,2025-07-02,2025-07-05,Standard,Mashhad
O0652,C0196,2025-08-08,2025-08-15,Standard,Karaj
O0653,C0074,2025-05-24,2025-05-25,Standard,Mashhad
O0654,C0085,2025-04-30,2025-05-04,Express,Tehran
O0655,C0110,2025-07-19,2025-07-25,Standard,Tehran
O0656,C0211,2025-05-12,2025-05-17,Express,Mashhad
O0657,C0112,2025-07-21,2025-07-22,Standard,Karaj
O0658,C0072,2025-08-04,2025-08-11,Standard,Tehran
O0659,C0197,2025-10-05,2025-10-08,Express,Isfahan
O0660,C0162,2025-06-28,2025-07-05,Standard,Karaj
O0661,C0127,2025-07-03,2025-07-06,Standard,Shiraz
O0662,C0128,2025-08-17,2025-08-22,Express,Tehran
O0663,C0014,2025-04-27,2025-05-04,Express,Mashhad
O0664,C0106,2025-06-23,2025-06-28,Standard,Shiraz
O0665,C0201,2025-04-18,2025-04-21,Standard,Karaj
O0666,C0123,2025-06-17,2025-06-21,Express,Karaj
O0667,C0058,2025-09-26,2025-09-28,Express,Isfahan
O0668,C0037,2025-06-11,2025-06-16,Standard,Tabriz
O0669,C0185,2025-09-17,2025-09-20,Standard,Shiraz
O0670,C0199,2025-04-18,2025-04-25,Express,Isfahan
O0671,C0188,2025-06-05,2025-06-10,Standard,Karaj
O0672,C0242,2025-09-29,2025-10-06,Standard,Karaj
O0673,C0009,2025-09-30,2025-10-05,Standard,Shiraz
O0674,C0008,2025-06-27,2025-06-30,Standard,Tehran
O0675,C0021,2025-06-08,2025-06-09,Express,Shiraz
O0676,C0260,2025-05-11,2025-05-14,Express,Tehran
O0677,C0217,2025-07-16,2025-07-22,Express,Shiraz
O0678,C0043,2025-05-09,2025-05-15,Standard,Karaj
O0679,C0143,2025-10-09,2025-10-10,Express,Karaj
O0680,C0041,2025-10-06,2025-10-11,Standard,Tehran
O0681,C0080,2025-09-01,2025-09-06,Express,Mashhad
O0682,C0201,2025-09-18,2025-09-23,Standard,Karaj
O0683,C0159,2025-06-01,2025-06-07,Express,Mashhad
O0684,C0123,2025-09-12,2025-09-13,Standard,Karaj
O0685,C0045,2025-04-23,2025-04-27,Standard,Karaj
O0686,C0233,2025-10-16,2025-10-21,Standard,Shiraz
O0687,C0159,2025-04-28,2025-05-04,Standard,Mashhad
O0688,C0062,2025-06-20,2025-06-21,Standard,Tehran
O0689,C0006,2025-05-31,2025-06-02,Express,Tabriz
O0690,C0178,2025-07-21,2025-07-26,Express,Tehran
O0691,C0086,2025-08-22,2025-08-25,Standard,Tehran
O0692,C0138,2025-07-18,2025-07-24,Standard,Tehran
O0693,C0016,2025-09-05,2025-09-08,Express,Karaj
O0694,C0140,2025-09-08,2025-09-13,Standard,Mashhad
O0695,C0135,2025-07-11,2025-07-17,Standard,Karaj
O0696,C0255,2025-07-08,2025-07-12,Express,Isfahan
O0697,C0029,2025-09-11,2025-09-15,Standard,Isfahan
O0698,C0189,2025-04-24,2025-04-26,Express,Mashhad
O0699,C0053,2025-05-28,2025-06-02,Standard,Karaj
O0700,C0117,2025-09-27,2025-10-03,Standard,Shiraz
O0701,C0023,2025-09-13,2025-09-20,Standard,Tabriz
O0702,C0126,2025-08-14,2025-08-15,Express,Isfahan
O0703,C0187,2025-05-17,2025-05-21,Standard,Mashhad
O0704,C0092,2025-06-17,2025-06-24,Standard,Mashhad
O0705,C0284,2025-06-10,2025-06-17,Express,Shiraz
O0706,C0115,2025-08-07,2025-08-10,Standard,Shiraz
O0707,C0214,2025-07-13,2025-07-19,Express,Isfahan
O0708,C0139,2025-06-02,2025-06-09,Standard,Tabriz
O0709,C0293,2025-06-29,2025-07-02,Standard,Tabriz
O0710,C0258,2025-08-26,2025-09-01,Standard,Isfahan
O0711,C0092,2025-08-21,2025-08-23,Standard,Mashhad
O0712,C0206,2025-06-25,2025-06-26,Express,Tabriz
O0713,C0145,2025-05-15,2025-05-22,Express,Isfahan
O0714,C0168,2025-09-13,2025-09-14,Express,Shiraz
O0715,C0005,2025-10-13,2025-10-16,Standard,Isfahan
O0716,C0150,2025-08-19,2025-08-24,Express,Mashhad
O0717,C0125,2025-07-11,2025-07-15,Express,Tehran
O0718,C0253,2025-09-07,2025-09-14,Standard,Tabriz
O0719,C0280,2025-09-25,2025-10-02,Standard,Karaj
O0720,C0078,2025-06-12,2025-06-13,Express,Isfahan
O0721,C0013,2025-09-09,2025-09-11,Express,Tehran
O0722,C0005,2025-08-30,2025-09-02,Standard,Isfahan
O0723,C0193,2025-04-23,2025-04-30,Express,Mashhad
O0724,C0054,2025-06-14,2025-06-16,Standard,Shiraz
O0725,C0215,2025-09-16,2025-09-20,Standard,Mashhad
O0726,C0073,2025-10-13,2025-10-19,Express,Isfahan
O0727,C0048,2025-05-21,2025-05-22,Standard,Tehran
O0728,C0267,2025-08-18,2025-08-22,Express,Tabriz
O0729,C0235,2025-05-19,2025-05-25,Standard,Tehran
O0730,C0298,2025-04-20,2025-04-21,Standard,Isfahan
O0731,C0202,2025-07-25,2025-07-26,Standard,Isfahan
O0732,C0223,2025-07-16,2025-07-22,Standard,Tabriz
O0733,C0122,2025-09-04,2025-09-07,Express,Karaj
O0734,C0162,2025-06-11,2025-06-18,Express,Karaj
O0735,C0168,2025-06-06,2025-06-09,Express,Shiraz
O0736,C0140,2025-10-02,2025-10-04,Standard,Mashhad
O0737,C0104,2025-05-06,2025-05-08,Standard,Shiraz
O0738,C0080,2025-05-28,2025-05-29,Standard,Mashhad
O0739,C0231,2025-09-10,2025-09-14,Express,Karaj
O0740,C0209,2025-10-14,2025-10-15,Express,Tabriz
O0741,C0107,2025-09-17,2025-09-21,Express,Isfahan
O0742,C0238,2025-05-12,2025-05-15,Standard,Isfahan
O0743,C0047,2025-08-08,2025-08-10,Express,Tabriz
O0744,C0021,2025-09-19,2025-09-21,Express,Shiraz
O0745,C0076,2025-07-14,2025-07-15,Standard,Mashhad
O0746,C0183,2025-09-10,2025-09-14,Standard,Isfahan
O0747,C0154,2025-09-12,2025-09-15,Standard,Isfahan
O0748,C0016,2025-09-27,2025-10-01,Express,Karaj
O0749,C0285,2025-05-19,2025-05-25,Standard,Mashhad
O0750,C0049,2025-09-26,2025-09-30,Standard,Shiraz
O0751,C0072,2025-09-01,2025-09-02,Standard,Tehran
O0752,C0032,2025-06-28,2025-07-05,Standard,Karaj
O0753,C0067,2025-04-23,2025-04-25,Express,Isfahan
O0754,C0191,2025-08-12,2025-08-18,Standard,Isfahan
O0755,C0299,2025-04-19,2025-04-24,Express,Mashhad
O0756,C0039,2025-04-22,2025-04-23,Standard,Tabriz
O0757,C0102,2025-05-14,2025-05-20,Express,Tabriz
O0758,C0066,2025-04-27,2025-04-28,Express,Isfahan
O0759,C0063,2025-08-04,2025-08-05,Express,Tehran
O0760,C0026,2025-08-24,2025-08-26,Express,Tehran
O0761,C0203,2025-06-28,2025-07-02,Standard,Shiraz
O0762,C0196,2025-07-06,2025-07-12,Express,Karaj
O0763,C0089,2025-09-12,2025-09-15,Standard,Tehran
O0764,C0096,2025-07-09,2025-07-12,Express,Shiraz
O0765,C0229,2025-09-02,2025-09-04,Standard,Shiraz
O0766,C0126,2025-08-19,2025-08-25,Express,Isfahan
O0767,C0256,2025-04-17,2025-04-21,Express,Karaj
O0768,C0032,2025-10-04,2025-10-05,Express,Karaj
O0769,C0197,2025-04-29,2025-05-01,Express,Isfahan
O0770,C0103,2025-07-09,2025-07-15,Standard,Karaj
O0771,C0279,2025-09-17,2025-09-24,Standard,Mashhad
O0772,C0196,2025-05-14,2025-05-21,Express,Karaj
O0773,C0246,2025-10-06,2025-10-11,Express,Shiraz
O0774,C0177,2025-09-09,2025-09-14,Express,Shiraz
O0775,C0199,2025-06-18,2025-06-21,Standard,Isfahan
O0776,C0014,2025-08-26,2025-08-29,Standard,Mashhad
O0777,C0016,2025-06-21,2025-06-28,Express,Karaj
O0778,C0030,2025-07-24,2025-07-31,Express,Karaj
O0779,C0272,2025-05-08,2025-05-11,Standard,Karaj
O0780,C0082,2025-10-08,2025-10-09,Standard,Shiraz
O0781,C0124,2025-04-28,2025-05-01,Standard,Isfahan
O0782,C0113,2025-05-11,2025-05-16,Express,Tabriz
O0783,C0182,2025-05-02,2025-05-09,Standard,Tabriz
O0784,C0091,2025-05-19,2025-05-21,Express,Tabriz
O0785,C0184,2025-05-01,2025-05-06,Standard,Mashhad
O0786,C0181,2025-06-10,2025-06-15,Standard,Shiraz
O0787,C0289,2025-08-23,2025-08-25,Express,Isfahan
O0788,C0278,2025-06-30,2025-07-03,Standard,Tehran
O0789,C0252,2025-07-13,2025-07-14,Standard,Mashhad
O0790,C0029,2025-07-31,2025-08-02,Standard,Isfahan
O0791,C0011,2025-05-20,2025-05-25,Express,Tehran
O0792,C0001,2025-07-06,2025-07-09,Standard,Karaj
O0793,C0067,2025-05-16,2025-05-19,Standard,Isfahan
O0794,C0166,2025-06-14,2025-06-15,Standard,Tabriz
O0795,C0076,2025-10-01,2025-10-06,Standard,Mashhad
O0796,C0057,2025-06-13,2025-06-20,Express,Tabriz
O0797,C0038,2025-05-24,2025-05-27,Express,Mashhad
O0798,C0052,2025-07-06,2025-07-09,Express,Tabriz
O0799,C0166,2025-08-02,2025-08-04,Standard,Tabriz
O0800,C0224,2025-08-21,2025-08-28,Express,Isfahan
