order_item_id,order_id,product_id,quantity,discount,profit
1,O0001,P0074,3,0.05,2657.57
2,O0001,P0085,3,0.05,2402.72
3,O0001,P0055,2,0.15,1133.32
4,O0002,P0052,3,0.05,2427.49
5,O0002,P0121,2,0.0,996.0
6,O0003,P0086,4,0.0,2322.48
7,O0003,P0016,2,0.1,990.81
8,O0003,P0144,2,0.0,299.04
9,O0004,P0052,2,0.1,1533.15
10,O0004,P0094,1,0.05,516.19
11,O0005,P0090,3,0.05,900.03
12,O0005,P0133,1,0.1,733.28
13,O0006,P0086,1,0.1,522.56
14,O0006,P0095,2,0.05,1758.62
15,O0007,P0145,1,0.1,846.87
16,O0007,P0011,3,0.0,1379.88
17,O0007,P0054,1,0.0,398.5
18,O0008,P0063,4,0.15,2230.23
19,O0008,P0115,2,0.15,325.09
20,O0009,P0045,4,0.1,212.22
21,O0009,P0012,4,0.0,2479.96
22,O0010,P0032,2,0.05,491.78
23,O0010,P0115,4,0.0,764.92
24,O0011,P0130,3,0.0,508.65
25,O0012,P0058,3,0.0,2559.96
26,O0012,P0125,1,0.1,530.67
27,O0013,P0012,4,0.05,2355.96
28,O0014,P0018,1,0.0,423.01
29,O0014,P0103,3,0.15,2516.88
30,O0014,P0081,1,0.15,896.45
31,O0015,P0008,2,0.15,400.93
32,O0015,P0084,2,0.0,681.24
33,O0015,P0126,1,0.1,984.46
34,O0016,P0085,2,0.15,1433.2
35,O0017,P0149,3,0.1,773.33
36,O0017,P0007,3,0.05,2182.7
37,O0017,P0075,1,0.0,1414.45
38,O0018,P0061,4,0.05,2731.74
39,O0018,P0079,1,0.1,303.5
40,O0019,P0061,4,0.0,2875.52
41,O0020,P0117,4,0.05,1832.55
42,O0020,P0094,1,0.0,543.36
43,O0021,P0002,2,0.1,1575.05
44,O0022,P0044,4,0.0,1331.44
45,O0023,P0118,4,0.15,422.72
46,O0023,P0120,4,0.1,1172.74
47,O0024,P0031,4,0.05,2696.02
48,O0025,P0025,4,0.1,1029.85
49,O0025,P0149,2,0.15,486.91
50,O0026,P0003,3,0.15,2333.05
51,O0027,P0008,3,0.05,672.14
52,O0027,P0083,3,0.0,885.99
53,O0028,P0081,1,0.0,1054.65
54,O0029,P0078,3,0.15,778.31
55,O0029,P0145,2,0.0,1881.94
56,O0029,P0149,4,0.15,973.83
57,O0030,P0101,4,0.05,3866.96
58,O0030,P0102,4,0.1,2845.84
59,O0030,P0127,1,0.15,528.71
60,O0031,P0086,1,0.05,551.59
61,O0031,P0116,1,0.15,728.86
62,O0031,P0114,2,0.05,916.29
63,O0032,P0125,2,0.05,1120.3
64,O0033,P0089,4,0.0,1282.6
65,O0034,P0036,4,0.05,3286.28
66,O0034,P0063,2,0.1,1180.71
67,O0034,P0125,3,0.0,1768.89
68,O0035,P0050,4,0.15,1909.27
69,O0036,P0045,3,0.1,159.16
70,O0036,P0148,4,0.0,2060.12
71,O0036,P0109,4,0.0,4394.48
72,O0037,P0100,2,0.05,900.69
73,O0037,P0132,1,0.0,855.07
74,O0038,P0078,1,0.1,274.7
75,O0038,P0145,3,0.15,2399.47
76,O0038,P0048,3,0.15,440.05
77,O0039,P0027,4,0.15,750.58
78,O0039,P0067,1,0.05,279.05
79,O0039,P0121,3,0.15,1269.9
80,O0040,P0082,4,0.0,2161.76
81,O0041,P0019,3,0.05,3001.08
82,O0041,P0110,1,0.15,216.25
83,O0042,P0128,3,0.0,2823.93
84,O0042,P0048,3,0.1,465.94
85,O0043,P0146,3,0.15,1176.57
86,O0043,P0025,1,0.05,271.77
87,O0044,P0053,3,0.15,1404.67
88,O0045,P0022,3,0.15,585.56
89,O0045,P0140,1,0.05,800.34
90,O0046,P0064,2,0.15,1364.5
91,O0046,P0025,4,0.1,1029.85
92,O0047,P0071,2,0.0,312.2
93,O0048,P0035,4,0.05,1856.38
94,O0048,P0007,1,0.05,727.57
95,O0049,P0055,2,0.0,1333.32
96,O0050,P0138,1,0.15,758.4
97,O0051,P0034,3,0.05,1575.99
98,O0052,P0146,3,0.15,1176.57
99,O0052,P0136,4,0.0,1484.04
100,O0053,P0122,1,0.05,196.3
101,O0053,P0108,3,0.15,1033.62
102,O0053,P0054,4,0.05,1514.3
103,O0054,P0121,3,0.1,1344.6
104,O0054,P0085,2,0.1,1517.51
105,O0055,P0001,1,0.1,456.89
106,O0055,P0111,1,0.15,278.29
107,O0055,P0092,1,0.05,612.65
108,O0056,P0024,2,0.05,557.52
109,O0056,P0043,2,0.05,982.72
110,O0056,P0048,3,0.15,440.05
111,O0057,P0008,1,0.0,235.84
112,O0057,P0093,4,0.05,2011.34
113,O0057,P0132,2,0.0,1710.14
114,O0058,P0082,3,0.1,1459.19
115,O0059,P0028,3,0.15,3070.81
116,O0059,P0034,4,0.1,1990.73
117,O0059,P0106,4,0.1,771.16
118,O0060,P0142,4,0.1,1100.3
119,O0061,P0010,4,0.0,3499.08
120,O0061,P0098,1,0.1,811.26
121,O0061,P0082,3,0.1,1459.19
122,O0062,P0143,1,0.15,261.11
123,O0062,P0067,1,0.1,264.37
124,O0062,P0047,3,0.1,1071.52
125,O0063,P0117,3,0.1,1302.08
126,O0063,P0062,2,0.05,900.01
127,O0064,P0141,2,0.0,111.94
128,O0064,P0108,4,0.1,1459.22
129,O0064,P0119,2,0.0,211.2
130,O0065,P0035,4,0.1,1758.67
131,O0065,P0081,3,0.15,2689.36
132,O0065,P0082,4,0.15,1837.5
133,O0066,P0079,1,0.05,320.36
134,O0066,P0060,3,0.05,465.21
135,O0066,P0070,4,0.1,4067.24
136,O0067,P0068,3,0.05,1451.99
137,O0067,P0086,2,0.1,1045.12
138,O0067,P0081,1,0.15,896.45
139,O0068,P0069,3,0.05,1754.15
140,O0069,P0050,3,0.0,1684.65
141,O0069,P0129,2,0.1,1422.27
142,O0069,P0029,2,0.1,306.07
143,O0070,P0042,3,0.1,2752.65
144,O0070,P0027,3,0.1,596.05
145,O0071,P0074,1,0.15,792.61
146,O0071,P0060,1,0.0,163.23
147,O0072,P0082,2,0.0,1080.88
148,O0072,P0071,4,0.1,561.96
149,O0073,P0005,1,0.05,607.26
150,O0073,P0076,2,0.05,993.78
151,O0074,P0043,4,0.15,1758.55
152,O0074,P0033,2,0.1,2116.76
153,O0075,P0095,2,0.0,1851.18
154,O0075,P0029,4,0.1,612.14
155,O0075,P0015,2,0.1,1436.9
156,O0076,P0129,1,0.0,790.15
157,O0076,P0098,4,0.1,3245.04
158,O0076,P0068,2,0.05,967.99
159,O0077,P0111,2,0.15,556.58
160,O0077,P0001,1,0.05,482.28
161,O0077,P0048,4,0.15,586.74
162,O0078,P0099,4,0.15,1082.63
163,O0078,P0009,4,0.0,1939.32
164,O0079,P0083,2,0.1,531.59
165,O0080,P0091,3,0.05,4449.11
166,O0081,P0137,1,0.05,328.92
167,O0082,P0082,3,0.1,1459.19
168,O0083,P0018,1,0.15,359.56
169,O0084,P0094,3,0.05,1548.58
170,O0084,P0147,1,0.0,673.14
171,O0084,P0023,3,0.1,1517.59
172,O0085,P0121,3,0.15,1269.9
173,O0085,P0145,2,0.1,1693.75
174,O0086,P0149,3,0.05,816.3
175,O0086,P0006,2,0.15,1305.99
176,O0087,P0027,2,0.05,419.44
177,O0088,P0050,2,0.05,1066.95
178,O0088,P0143,1,0.05,291.83
179,O0088,P0141,1,0.1,50.37
180,O0089,P0064,1,0.15,682.25
181,O0089,P0037,3,0.0,869.31
182,O0089,P0021,1,0.0,945.58
183,O0090,P0104,1,0.0,258.97
184,O0090,P0122,1,0.15,175.64
185,O0090,P0022,4,0.15,780.74
186,O0091,P0083,3,0.15,753.09
187,O0092,P0144,2,0.05,284.09
188,O0092,P0138,1,0.1,803.01
189,O0092,P0088,4,0.0,1273.64
190,O0093,P0119,3,0.05,300.96
191,O0093,P0061,4,0.0,2875.52
192,O0093,P0078,1,0.1,274.7
193,O0094,P0007,1,0.15,650.98
194,O0095,P0006,2,0.1,1382.81
195,O0096,P0092,2,0.1,1160.8
196,O0096,P0085,4,0.1,3035.02
197,O0096,P0003,2,0.0,1829.84
198,O0097,P0087,4,0.05,452.81
199,O0097,P0050,4,0.1,2021.58
200,O0097,P0076,2,0.0,1046.08
201,O0098,P0099,1,0.0,318.42
202,O0099,P0012,4,0.05,2355.96
203,O0099,P0100,1,0.0,474.05
204,O0099,P0020,1,0.1,1089.3
205,O0100,P0133,2,0.15,1385.09
206,O0100,P0043,3,0.1,1396.49
207,O0100,P0054,4,0.0,1594.0
208,O0101,P0048,2,0.0,345.14
209,O0102,P0037,3,0.1,782.38
210,O0102,P0119,4,0.0,422.4
211,O0103,P0135,1,0.0,631.11
212,O0104,P0120,2,0.1,586.37
213,O0105,P0131,4,0.1,1139.36
214,O0105,P0086,1,0.1,522.56
215,O0106,P0147,2,0.0,1346.28
216,O0106,P0057,4,0.15,550.53
217,O0107,P0003,3,0.15,2333.05
218,O0107,P0097,4,0.15,2072.33
219,O0108,P0148,2,0.0,1030.06
220,O0108,P0101,2,0.0,2035.24
221,O0108,P0069,2,0.0,1230.98
222,O0109,P0011,4,0.15,1563.86
223,O0109,P0049,2,0.15,956.69
224,O0110,P0142,1,0.05,290.36
225,O0110,P0096,4,0.15,1771.2
226,O0111,P0012,4,0.15,2107.97
227,O0112,P0091,1,0.1,1404.98
228,O0113,P0056,3,0.0,1209.0
229,O0113,P0096,2,0.1,937.69
230,O0113,P0050,1,0.15,477.32
231,O0114,P0093,2,0.15,899.81
232,O0114,P0102,3,0.15,2015.8
233,O0114,P0117,2,0.0,964.5
234,O0115,P0045,2,0.15,100.21
235,O0116,P0093,2,0.0,1058.6
236,O0116,P0057,4,0.1,582.91
237,O0117,P0012,3,0.1,1673.97
238,O0118,P0015,2,0.15,1357.08
239,O0119,P0135,2,0.0,1262.22
240,O0119,P0088,4,0.15,1082.59
241,O0120,P0140,4,0.0,3369.84
242,O0120,P0142,4,0.15,1039.18
243,O0120,P0140,3,0.0,2527.38
244,O0121,P0078,1,0.0,305.22
245,O0121,P0014,4,0.15,1137.98
246,O0122,P0017,1,0.0,1229.81
247,O0123,P0009,3,0.05,1381.77
248,O0123,P0148,4,0.1,1854.11
249,O0123,P0134,3,0.0,2022.96
250,O0124,P0077,4,0.1,1362.96
251,O0125,P0089,4,0.1,1154.34
252,O0125,P0093,4,0.0,2117.2
253,O0125,P0150,1,0.05,1470.26
254,O0126,P0033,3,0.1,3175.15
255,O0127,P0099,3,0.1,859.73
256,O0127,P0081,1,0.0,1054.65
257,O0127,P0133,2,0.15,1385.09
258,O0128,P0068,4,0.0,2037.88
259,O0129,P0041,2,0.05,1626.89
260,O0129,P0086,1,0.15,493.53
261,O0130,P0123,4,0.05,2194.88
262,O0131,P0082,3,0.0,1621.32
263,O0131,P0132,4,0.0,3420.28
264,O0131,P0140,1,0.15,716.09
265,O0132,P0025,2,0.15,486.32
266,O0132,P0141,1,0.0,55.97
267,O0133,P0022,4,0.15,780.74
268,O0133,P0095,2,0.05,1758.62
269,O0133,P0143,2,0.0,614.38
270,O0134,P0129,3,0.15,2014.88
271,O0134,P0060,4,0.05,620.27
272,O0135,P0017,4,0.1,4427.32
273,O0135,P0142,3,0.15,779.38
274,O0136,P0010,2,0.15,1487.11
275,O0137,P0127,3,0.1,1679.43
276,O0137,P0104,2,0.05,492.04
277,O0137,P0098,2,0.1,1622.52
278,O0138,P0068,3,0.05,1451.99
279,O0138,P0129,2,0.1,1422.27
280,O0138,P0126,1,0.1,984.46
281,O0139,P0005,4,0.15,2173.35
282,O0139,P0139,3,0.15,1299.35
283,O0139,P0095,1,0.0,925.59
284,O0140,P0047,4,0.05,1508.07
285,O0141,P0104,1,0.05,246.02
286,O0142,P0031,2,0.1,1277.06
287,O0142,P0046,3,0.05,1218.72
288,O0143,P0099,3,0.05,907.5
289,O0144,P0135,1,0.1,568.0
290,O0144,P0141,4,0.0,223.88
291,O0144,P0052,2,0.15,1447.98
292,O0145,P0085,3,0.0,2529.18
293,O0146,P0049,4,0.15,1913.38
294,O0146,P0106,3,0.0,642.63
295,O0147,P0117,3,0.05,1374.41
296,O0148,P0017,4,0.05,4673.28
297,O0148,P0001,3,0.05,1446.83
298,O0148,P0120,2,0.1,586.37
299,O0149,P0075,2,0.0,2828.9
300,O0149,P0026,2,0.05,451.16
301,O0150,P0088,1,0.15,270.65
302,O0150,P0074,1,0.15,792.61
303,O0150,P0111,3,0.1,883.98
304,O0151,P0054,2,0.1,717.3
305,O0152,P0010,3,0.15,2230.66
306,O0153,P0115,2,0.0,382.46
307,O0153,P0096,2,0.1,937.69
308,O0153,P0071,1,0.1,140.49
309,O0154,P0092,3,0.0,1934.67
310,O0154,P0047,3,0.05,1131.05
311,O0155,P0128,1,0.05,894.24
312,O0156,P0130,4,0.0,678.2
313,O0156,P0108,3,0.05,1155.22
314,O0157,P0053,3,0.1,1487.29
315,O0158,P0082,3,0.05,1540.25
316,O0158,P0035,4,0.0,1954.08
317,O0159,P0052,3,0.15,2171.96
318,O0160,P0111,2,0.0,654.8
319,O0161,P0014,3,0.15,853.49
320,O0161,P0091,1,0.15,1326.93
321,O0161,P0061,3,0.1,1940.98
322,O0162,P0034,3,0.15,1410.1
323,O0163,P0083,1,0.1,265.8
324,O0163,P0072,2,0.1,2169.41
325,O0164,P0116,1,0.0,857.48
326,O0164,P0115,2,0.0,382.46
327,O0164,P0031,1,0.05,674.01
328,O0165,P0036,2,0.15,1470.18
329,O0165,P0114,1,0.05,458.15
330,O0165,P0113,4,0.0,2141.16
331,O0166,P0016,2,0.0,1100.9
332,O0166,P0003,4,0.1,3293.71
333,O0166,P0146,1,0.0,461.4
334,O0167,P0088,1,0.05,302.49
335,O0168,P0127,1,0.05,590.91
336,O0168,P0010,3,0.15,2230.66
337,O0169,P0125,4,0.15,2004.74
338,O0169,P0018,4,0.1,1522.84
339,O0170,P0128,4,0.0,3765.24
340,O0171,P0144,1,0.0,149.52
341,O0171,P0145,1,0.0,940.97
342,O0171,P0083,3,0.0,885.99
343,O0172,P0077,3,0.0,1135.8
344,O0172,P0010,3,0.15,2230.66
345,O0173,P0130,4,0.0,678.2
346,O0173,P0095,4,0.05,3517.24
347,O0174,P0094,2,0.05,1032.38
348,O0174,P0125,4,0.1,2122.67
349,O0174,P0137,2,0.1,623.21
350,O0175,P0051,3,0.0,414.12
351,O0175,P0145,2,0.0,1881.94
352,O0175,P0026,1,0.0,237.45
353,O0176,P0016,4,0.0,2201.8
354,O0176,P0095,3,0.05,2637.93
355,O0176,P0009,3,0.05,1381.77
356,O0177,P0125,2,0.05,1120.3
357,O0177,P0070,2,0.05,2146.6
358,O0178,P0129,3,0.05,2251.93
359,O0178,P0145,1,0.05,893.92
360,O0178,P0004,1,0.15,322.06
361,O0179,P0027,1,0.1,198.68
362,O0179,P0122,1,0.1,185.97
363,O0179,P0068,1,0.05,484.0
364,O0180,P0076,4,0.1,1882.94
365,O0180,P0045,3,0.05,168.01
366,O0180,P0023,2,0.0,1124.14
367,O0181,P0030,1,0.05,284.17
368,O0181,P0108,3,0.15,1033.62
369,O0182,P0010,3,0.1,2361.88
370,O0182,P0112,2,0.1,1930.37
371,O0183,P0043,4,0.05,1965.44
372,O0183,P0135,1,0.1,568.0
373,O0184,P0136,2,0.15,630.72
374,O0185,P0141,3,0.05,159.51
375,O0185,P0098,3,0.15,2298.57
376,O0186,P0074,4,0.1,3356.93
377,O0186,P0022,3,0.15,585.56
378,O0187,P0149,1,0.05,272.1
379,O0187,P0011,1,0.1,413.96
380,O0187,P0064,2,0.05,1525.04
381,O0188,P0141,1,0.0,55.97
382,O0188,P0056,1,0.0,403.0
383,O0189,P0076,4,0.05,1987.55
384,O0189,P0020,1,0.1,1089.3
385,O0189,P0037,4,0.05,1101.13
386,O0190,P0091,4,0.05,5932.14
387,O0190,P0057,3,0.05,461.47
388,O0191,P0017,1,0.15,1045.34
389,O0191,P0133,3,0.0,2444.28
390,O0192,P0137,2,0.05,657.84
391,O0192,P0024,2,0.15,498.83
392,O0192,P0115,2,0.05,363.34
393,O0193,P0122,2,0.15,351.27
394,O0193,P0084,3,0.0,1021.86
395,O0193,P0074,2,0.15,1585.22
396,O0194,P0122,1,0.1,185.97
397,O0195,P0017,2,0.0,2459.62
398,O0195,P0142,2,0.1,550.15
399,O0196,P0124,4,0.15,3615.53
400,O0196,P0148,1,0.0,515.03
401,O0197,P0106,3,0.0,642.63
402,O0197,P0060,3,0.1,440.72
403,O0197,P0058,2,0.15,1450.64
404,O0198,P0023,4,0.1,2023.45
405,O0198,P0133,1,0.1,733.28
406,O0198,P0089,4,0.05,1218.47
407,O0199,P0038,4,0.1,417.2
408,O0199,P0109,3,0.15,2801.48
409,O0199,P0142,4,0.0,1222.56
410,O0200,P0140,2,0.15,1432.18
411,O0200,P0112,2,0.05,2037.62
412,O0200,P0063,1,0.1,590.36
413,O0201,P0033,2,0.05,2234.36
414,O0202,P0031,3,0.0,2128.44
415,O0203,P0123,2,0.15,981.92
416,O0203,P0069,3,0.0,1846.47
417,O0203,P0124,4,0.15,3615.53
418,O0204,P0070,2,0.05,2146.6
419,O0204,P0039,4,0.0,4819.36
420,O0205,P0028,1,0.05,1144.03
421,O0206,P0075,2,0.05,2687.45
422,O0206,P0024,1,0.05,278.76
423,O0206,P0068,1,0.05,484.0
424,O0207,P0130,2,0.15,288.23
425,O0207,P0127,1,0.1,559.81
426,O0208,P0060,2,0.15,277.49
427,O0209,P0010,4,0.15,2974.22
428,O0209,P0054,2,0.05,757.15
429,O0209,P0110,4,0.05,966.76
430,O0210,P0041,2,0.1,1541.27
431,O0210,P0001,2,0.1,913.79
432,O0210,P0071,4,0.0,624.4
433,O0211,P0115,4,0.15,650.18
434,O0212,P0124,1,0.0,1063.39
435,O0213,P0041,4,0.05,3253.79
436,O0214,P0043,1,0.05,491.36
437,O0214,P0081,4,0.0,4218.6
438,O0214,P0102,1,0.0,790.51
439,O0215,P0045,2,0.0,117.9
440,O0215,P0032,4,0.15,880.02
441,O0216,P0064,1,0.15,682.25
442,O0216,P0105,2,0.15,139.03
443,O0217,P0132,3,0.0,2565.21
444,O0217,P0146,4,0.05,1753.32
445,O0218,P0121,4,0.05,1892.4
446,O0218,P0045,1,0.1,53.05
447,O0219,P0142,4,0.1,1100.3
448,O0219,P0103,2,0.0,1974.02
449,O0219,P0109,1,0.0,1098.62
450,O0220,P0022,1,0.15,195.19
451,O0220,P0033,2,0.1,2116.76
452,O0220,P0041,4,0.1,3082.54
453,O0221,P0055,2,0.15,1133.32
454,O0222,P0026,3,0.1,641.12
455,O0222,P0040,4,0.1,1551.46
456,O0222,P0124,3,0.15,2711.64
457,O0223,P0037,4,0.15,985.22
458,O0224,P0149,3,0.15,730.37
459,O0225,P0119,3,0.1,285.12
460,O0225,P0063,4,0.05,2492.61
461,O0226,P0101,1,0.05,966.74
462,O0226,P0023,4,0.05,2135.87
463,O0226,P0061,1,0.05,682.94
464,O0227,P0127,4,0.1,2239.24
465,O0227,P0034,1,0.05,525.33
466,O0227,P0042,4,0.0,4078.0
467,O0228,P0020,2,0.15,2057.56
468,O0229,P0121,4,0.0,1992.0
469,O0229,P0105,1,0.1,73.6
470,O0229,P0093,2,0.1,952.74
471,O0230,P0008,1,0.15,200.46
472,O0231,P0058,3,0.0,2559.96
473,O0231,P0090,2,0.15,536.86
474,O0232,P0051,1,0.05,131.14
475,O0232,P0134,3,0.05,1921.81
476,O0233,P0143,2,0.05,583.66
477,O0234,P0113,1,0.1,481.76
478,O0234,P0011,2,0.0,919.92
479,O0234,P0052,2,0.0,1703.5
480,O0235,P0097,4,0.1,2194.24
481,O0235,P0007,4,0.15,2603.92
482,O0236,P0113,2,0.0,1070.58
483,O0236,P0011,1,0.0,459.96
484,O0236,P0134,3,0.1,1820.66
485,O0237,P0090,3,0.05,900.03
486,O0237,P0058,2,0.15,1450.64
487,O0238,P0055,1,0.1,599.99
488,O0238,P0150,2,0.15,2630.99
489,O0239,P0061,1,0.0,718.88
490,O0239,P0056,3,0.1,1088.1
491,O0239,P0019,1,0.1,947.71
492,O0240,P0135,3,0.15,1609.33
493,O0240,P0139,4,0.15,1732.47
494,O0240,P0025,2,0.1,514.93
495,O0241,P0060,4,0.0,652.92
496,O0241,P0142,4,0.0,1222.56
497,O0242,P0048,1,0.15,146.68
498,O0242,P0038,2,0.05,220.19
499,O0243,P0077,4,0.1,1362.96
500,O0243,P0098,1,0.1,811.26
501,O0244,P0076,3,0.0,1569.12
502,O0245,P0069,3,0.0,1846.47
503,O0245,P0094,2,0.15,923.71
504,O0246,P0032,3,0.05,737.67
505,O0246,P0044,3,0.05,948.65
506,O0247,P0143,2,0.15,522.22
507,O0247,P0056,2,0.05,765.7
508,O0247,P0057,2,0.1,291.46
509,O0248,P0035,2,0.05,928.19
510,O0249,P0026,3,0.05,676.73
511,O0250,P0064,1,0.0,802.65
512,O0251,P0083,4,0.0,1181.32
513,O0251,P0141,1,0.15,47.57
514,O0251,P0129,3,0.1,2133.41
515,O0252,P0010,3,0.15,2230.66
516,O0252,P0050,2,0.1,1010.79
517,O0253,P0053,2,0.05,1046.61
518,O0253,P0139,1,0.15,433.12
519,O0254,P0030,1,0.1,269.22
520,O0254,P0022,4,0.05,872.59
521,O0255,P0020,1,0.15,1028.78
522,O0255,P0022,3,0.0,688.89
523,O0256,P0023,2,0.15,955.52
524,O0257,P0057,1,0.1,145.73
525,O0257,P0070,3,0.1,3050.43
526,O0257,P0131,2,0.1,569.68
527,O0258,P0117,3,0.15,1229.74
528,O0259,P0074,3,0.1,2517.7
529,O0259,P0011,2,0.15,781.93
530,O0259,P0138,4,0.05,3390.47
531,O0260,P0067,3,0.1,793.1
532,O0260,P0007,4,0.1,2757.1
533,O0261,P0054,2,0.05,757.15
534,O0261,P0026,2,0.0,474.9
535,O0262,P0050,3,0.05,1600.42
536,O0262,P0121,4,0.15,1693.2
537,O0262,P0017,2,0.05,2336.64
538,O0263,P0028,2,0.15,2047.21
539,O0263,P0020,1,0.05,1149.81
540,O0263,P0010,4,0.15,2974.22
541,O0264,P0016,3,0.15,1403.65
542,O0265,P0001,3,0.0,1522.98
543,O0265,P0089,4,0.0,1282.6
544,O0266,P0098,2,0.0,1802.8
545,O0266,P0051,2,0.1,248.47
546,O0266,P0037,4,0.0,1159.08
547,O0267,P0068,3,0.1,1375.57
548,O0267,P0148,3,0.1,1390.58
549,O0268,P0051,3,0.1,372.71
550,O0268,P0053,1,0.15,468.22
551,O0268,P0073,1,0.1,1217.41
552,O0269,P0086,2,0.05,1103.18
553,O0269,P0054,3,0.1,1075.95
554,O0269,P0070,3,0.15,2880.96
555,O0270,P0073,4,0.0,5410.72
556,O0270,P0086,4,0.1,2090.23
557,O0270,P0056,4,0.05,1531.4
558,O0271,P0047,3,0.15,1011.99
559,O0272,P0147,4,0.0,2692.56
560,O0272,P0049,1,0.05,534.62
561,O0272,P0075,3,0.05,4031.18
562,O0273,P0081,3,0.1,2847.56
563,O0273,P0051,3,0.15,352.0
564,O0274,P0099,4,0.1,1146.31
565,O0274,P0061,4,0.15,2444.19
566,O0275,P0055,2,0.0,1333.32
567,O0276,P0137,2,0.1,623.21
568,O0277,P0084,1,0.05,323.59
569,O0277,P0086,2,0.15,987.05
570,O0277,P0142,1,0.0,305.64
571,O0278,P0008,4,0.0,943.36
572,O0279,P0008,4,0.0,943.36
573,O0280,P0090,3,0.05,900.03
574,O0281,P0091,4,0.1,5619.92
575,O0282,P0006,2,0.1,1382.81
576,O0283,P0096,2,0.05,989.79
577,O0283,P0028,2,0.0,2408.48
578,O0284,P0017,3,0.1,3320.49
579,O0285,P0033,4,0.1,4233.53
580,O0285,P0080,4,0.05,3942.54
581,O0286,P0052,2,0.15,1447.98
582,O0286,P0012,4,0.1,2231.96
583,O0286,P0024,3,0.15,748.25
584,O0287,P0121,2,0.0,996.0
585,O0287,P0070,4,0.1,4067.24
586,O0287,P0037,3,0.15,738.91
587,O0288,P0134,2,0.1,1213.78
588,O0288,P0077,1,0.0,378.6
589,O0289,P0017,2,0.1,2213.66
590,O0289,P0078,3,0.15,778.31
591,O0289,P0132,1,0.15,726.81
592,O0290,P0148,3,0.0,1545.09
593,O0290,P0103,4,0.1,3553.24
594,O0291,P0085,2,0.0,1686.12
595,O0291,P0025,3,0.05,815.3
596,O0291,P0133,4,0.15,2770.18
597,O0292,P0119,2,0.05,200.64
598,O0292,P0057,4,0.15,550.53
599,O0293,P0106,3,0.0,642.63
600,O0294,P0097,2,0.1,1097.12
601,O0294,P0102,3,0.1,2134.38
602,O0295,P0094,2,0.0,1086.72
603,O0295,P0065,2,0.05,922.2
604,O0296,P0023,1,0.15,477.76
605,O0296,P0031,4,0.1,2554.13
606,O0297,P0120,4,0.05,1237.89
607,O0297,P0057,3,0.0,485.76
608,O0297,P0060,2,0.0,326.46
609,O0298,P0006,1,0.05,729.82
610,O0298,P0082,1,0.1,486.4
611,O0298,P0034,3,0.05,1575.99
612,O0299,P0047,4,0.0,1587.44
613,O0299,P0142,2,0.0,611.28
614,O0299,P0102,2,0.0,1581.02
615,O0300,P0016,2,0.1,990.81
616,O0300,P0077,4,0.1,1362.96
617,O0301,P0049,3,0.15,1435.04
618,O0301,P0079,1,0.1,303.5
619,O0302,P0099,2,0.0,636.84
620,O0303,P0098,4,0.0,3605.6
621,O0303,P0058,4,0.05,3242.62
622,O0304,P0088,3,0.15,811.95
623,O0305,P0108,1,0.05,385.07
624,O0306,P0150,4,0.05,5881.03
625,O0306,P0134,1,0.05,640.6
626,O0307,P0042,1,0.05,968.52
627,O0307,P0085,4,0.15,2866.4
628,O0308,P0137,3,0.1,934.82
629,O0308,P0102,2,0.0,1581.02
630,O0308,P0071,1,0.1,140.49
631,O0309,P0060,3,0.05,465.21
632,O0309,P0124,3,0.0,3190.17
633,O0310,P0054,2,0.0,797.0
634,O0310,P0033,2,0.15,1999.17
635,O0310,P0107,3,0.0,3072.33
636,O0311,P0069,3,0.0,1846.47
637,O0312,P0072,2,0.0,2410.46
638,O0312,P0023,1,0.15,477.76
639,O0313,P0131,2,0.1,569.68
640,O0313,P0084,1,0.05,323.59
641,O0313,P0024,2,0.15,498.83
642,O0314,P0042,3,0.0,3058.5
643,O0315,P0139,3,0.05,1452.22
644,O0316,P0057,1,0.05,153.82
645,O0316,P0019,4,0.05,4001.44
646,O0316,P0057,3,0.1,437.18
647,O0317,P0146,2,0.0,922.8
648,O0317,P0011,4,0.1,1655.86
649,O0318,P0142,2,0.1,550.15
650,O0318,P0054,1,0.15,338.72
651,O0318,P0075,4,0.1,5092.02
652,O0319,P0055,4,0.05,2533.31
653,O0319,P0040,2,0.1,775.73
654,O0319,P0075,3,0.15,3606.85
655,O0320,P0067,2,0.0,587.48
656,O0320,P0133,2,0.15,1385.09
657,O0321,P0065,3,0.1,1310.5
658,O0321,P0054,4,0.0,1594.0
659,O0322,P0068,4,0.05,1935.99
660,O0322,P0076,1,0.1,470.74
661,O0322,P0062,2,0.1,852.64
662,O0323,P0130,1,0.15,144.12
663,O0323,P0123,2,0.15,981.92
664,O0323,P0118,2,0.1,223.79
665,O0324,P0037,4,0.1,1043.17
666,O0324,P0094,1,0.0,543.36
667,O0325,P0050,1,0.0,561.55
668,O0325,P0105,2,0.05,155.38
669,O0325,P0107,1,0.05,972.9
670,O0326,P0067,4,0.05,1116.21
671,O0327,P0133,1,0.15,692.55
672,O0328,P0025,4,0.1,1029.85
673,O0328,P0015,1,0.1,718.45
674,O0328,P0068,2,0.0,1018.94
675,O0329,P0073,2,0.15,2299.56
676,O0330,P0070,4,0.0,4519.16
677,O0331,P0038,4,0.1,417.2
678,O0331,P0029,1,0.1,153.04
679,O0332,P0005,1,0.0,639.22
680,O0332,P0085,3,0.0,2529.18
681,O0332,P0060,2,0.0,326.46
682,O0333,P0020,2,0.15,2057.56
683,O0334,P0053,2,0.05,1046.61
684,O0335,P0125,2,0.15,1002.37
685,O0335,P0041,1,0.1,770.63
686,O0335,P0052,4,0.15,2895.95
687,O0336,P0042,2,0.05,1937.05
688,O0337,P0006,4,0.1,2765.63
689,O0337,P0050,2,0.15,954.64
690,O0337,P0042,3,0.1,2752.65
691,O0338,P0040,3,0.1,1163.59
692,O0338,P0103,4,0.15,3355.83
693,O0338,P0106,3,0.05,610.5
694,O0339,P0086,2,0.15,987.05
695,O0339,P0045,3,0.1,159.16
696,O0339,P0118,4,0.15,422.72
697,O0340,P0018,1,0.0,423.01
698,O0340,P0054,3,0.0,1195.5
699,O0341,P0109,2,0.1,1977.52
700,O0341,P0135,1,0.1,568.0
701,O0341,P0067,2,0.05,558.11
702,O0342,P0124,1,0.1,957.05
703,O0342,P0116,2,0.0,1714.96
704,O0343,P0132,4,0.1,3078.25
705,O0344,P0100,2,0.1,853.29
706,O0345,P0042,2,0.05,1937.05
707,O0345,P0003,3,0.1,2470.28
708,O0346,P0095,4,0.05,3517.24
709,O0347,P0110,1,0.1,228.97
710,O0347,P0029,4,0.05,646.15
711,O0347,P0094,4,0.0,2173.44
712,O0348,P0111,3,0.0,982.2
713,O0348,P0056,4,0.0,1612.0
714,O0348,P0053,1,0.1,495.76
715,O0349,P0083,4,0.15,1004.12
716,O0349,P0127,1,0.05,590.91
717,O0350,P0028,1,0.15,1023.6
718,O0350,P0105,1,0.1,73.6
719,O0350,P0040,1,0.1,387.86
720,O0351,P0129,2,0.1,1422.27
721,O0351,P0122,2,0.05,392.6
722,O0351,P0059,1,0.15,712.19
723,O0352,P0144,1,0.05,142.04
724,O0352,P0139,4,0.1,1834.38
725,O0353,P0112,2,0.05,2037.62
726,O0353,P0080,3,0.0,3112.53
727,O0354,P0086,1,0.15,493.53
728,O0354,P0082,3,0.0,1621.32
729,O0355,P0141,4,0.05,212.69
730,O0355,P0025,2,0.15,486.32
731,O0356,P0061,2,0.15,1222.1
732,O0356,P0112,4,0.05,4075.23
733,O0356,P0018,2,0.05,803.72
734,O0357,P0002,3,0.15,2231.33
735,O0358,P0051,1,0.0,138.04
736,O0358,P0048,4,0.15,586.74
737,O0359,P0127,3,0.05,1772.73
738,O0359,P0043,3,0.1,1396.49
739,O0360,P0048,1,0.1,155.31
740,O0360,P0094,2,0.1,978.05
741,O0360,P0005,4,0.05,2429.04
742,O0361,P0043,1,0.05,491.36
743,O0361,P0123,2,0.1,1039.68
744,O0362,P0045,1,0.0,58.95
745,O0363,P0003,1,0.05,869.17
746,O0363,P0062,2,0.1,852.64
747,O0363,P0013,1,0.1,502.98
748,O0364,P0048,1,0.1,155.31
749,O0364,P0150,4,0.15,5261.98
750,O0364,P0094,1,0.1,489.02
751,O0365,P0147,2,0.05,1278.97
752,O0366,P0073,3,0.15,3449.33
753,O0366,P0005,2,0.0,1278.44
754,O0366,P0040,4,0.0,1723.84
755,O0367,P0090,2,0.0,631.6
756,O0367,P0106,3,0.05,610.5
757,O0368,P0107,3,0.0,3072.33
758,O0368,P0052,4,0.0,3407.0
759,O0368,P0064,1,0.15,682.25
760,O0369,P0037,3,0.1,782.38
761,O0369,P0142,1,0.0,305.64
762,O0369,P0150,3,0.15,3946.48
763,O0370,P0032,4,0.0,1035.32
764,O0371,P0035,4,0.0,1954.08
765,O0371,P0060,2,0.05,310.14
766,O0372,P0037,4,0.0,1159.08
767,O0372,P0068,1,0.05,484.0
768,O0372,P0135,3,0.1,1704.0
769,O0373,P0141,4,0.05,212.69
770,O0373,P0150,1,0.1,1392.88
771,O0374,P0026,3,0.1,641.12
772,O0374,P0067,3,0.05,837.16
773,O0374,P0146,3,0.0,1384.2
774,O0375,P0037,3,0.15,738.91
775,O0375,P0088,1,0.1,286.57
776,O0375,P0069,2,0.05,1169.43
777,O0376,P0149,4,0.05,1088.4
778,O0376,P0005,1,0.15,543.34
779,O0377,P0026,2,0.15,403.67
780,O0377,P0084,2,0.05,647.18
781,O0377,P0037,4,0.1,1043.17
782,O0378,P0011,3,0.15,1172.9
783,O0378,P0058,2,0.05,1621.31
784,O0378,P0098,2,0.05,1712.66
785,O0379,P0023,3,0.05,1601.9
786,O0380,P0104,2,0.05,492.04
787,O0380,P0076,3,0.0,1569.12
788,O0381,P0040,1,0.05,409.41
789,O0381,P0109,3,0.05,3131.07
790,O0381,P0040,1,0.1,387.86
791,O0382,P0048,4,0.1,621.25
792,O0382,P0079,4,0.1,1213.99
793,O0383,P0090,2,0.0,631.6
794,O0384,P0104,2,0.0,517.94
795,O0385,P0053,3,0.05,1569.92
796,O0385,P0124,2,0.05,2020.44
797,O0385,P0053,1,0.1,495.76
798,O0386,P0002,4,0.05,3325.11
799,O0387,P0087,4,0.1,428.98
800,O0387,P0133,2,0.15,1385.09
801,O0387,P0018,4,0.15,1438.23
802,O0388,P0038,2,0.05,220.19
803,O0389,P0089,1,0.15,272.55
804,O0390,P0136,3,0.15,946.08
805,O0391,P0116,2,0.05,1629.21
806,O0392,P0105,2,0.15,139.03
807,O0393,P0045,4,0.1,212.22
808,O0393,P0135,4,0.05,2398.22
809,O0393,P0029,4,0.15,578.14
810,O0394,P0096,4,0.1,1875.38
811,O0395,P0135,1,0.0,631.11
812,O0395,P0070,4,0.15,3841.29
813,O0396,P0138,2,0.15,1516.79
814,O0397,P0056,1,0.15,342.55
815,O0397,P0120,1,0.05,309.47
816,O0397,P0045,3,0.15,150.32
817,O0398,P0019,3,0.1,2843.13
818,O0398,P0128,4,0.05,3576.98
819,O0399,P0017,3,0.0,3689.43
820,O0399,P0005,2,0.15,1086.67
821,O0400,P0025,4,0.0,1144.28
822,O0400,P0012,1,0.05,588.99
823,O0400,P0064,2,0.15,1364.5
824,O0401,P0029,3,0.15,433.6
825,O0401,P0147,1,0.05,639.48
826,O0402,P0049,2,0.15,956.69
827,O0402,P0032,1,0.1,232.95
828,O0403,P0106,2,0.0,428.42
829,O0403,P0146,1,0.0,461.4
830,O0404,P0128,4,0.1,3388.72
831,O0404,P0137,1,0.15,294.3
832,O0404,P0144,2,0.15,254.18
833,O0405,P0018,4,0.0,1692.04
834,O0405,P0107,2,0.1,1843.4
835,O0405,P0110,2,0.05,483.38
836,O0406,P0149,2,0.0,572.84
837,O0407,P0004,3,0.1,1023.0
838,O0407,P0031,4,0.1,2554.13
839,O0408,P0028,2,0.0,2408.48
840,O0408,P0122,2,0.05,392.6
841,O0408,P0132,1,0.1,769.56
842,O0409,P0060,4,0.15,554.98
843,O0410,P0108,1,0.15,344.54
844,O0410,P0063,2,0.05,1246.3
845,O0411,P0002,4,0.15,2975.1
846,O0411,P0126,4,0.15,3719.09
847,O0411,P0123,1,0.0,577.6
848,O0412,P0073,3,0.05,3855.14
849,O0413,P0003,2,0.05,1738.35
850,O0414,P0030,3,0.0,897.39
851,O0415,P0067,1,0.1,264.37
852,O0416,P0113,1,0.0,535.29
853,O0416,P0069,1,0.15,523.17
854,O0417,P0149,2,0.1,515.56
855,O0418,P0069,2,0.15,1046.33
856,O0418,P0142,3,0.0,916.92
857,O0418,P0113,1,0.1,481.76
858,O0419,P0114,3,0.15,1229.76
859,O0419,P0122,1,0.15,175.64
860,O0420,P0039,1,0.1,1084.36
861,O0420,P0053,4,0.05,2093.23
862,O0420,P0146,1,0.1,415.26
863,O0421,P0034,4,0.05,2101.32
864,O0421,P0076,2,0.0,1046.08
865,O0422,P0061,1,0.15,611.05
866,O0423,P0038,3,0.15,295.52
867,O0423,P0019,3,0.1,2843.13
868,O0423,P0081,3,0.05,3005.75
869,O0424,P0094,4,0.15,1847.42
870,O0424,P0091,4,0.05,5932.14
871,O0424,P0071,2,0.1,280.98
872,O0425,P0081,1,0.0,1054.65
873,O0426,P0078,4,0.0,1220.88
874,O0427,P0074,2,0.15,1585.22
875,O0427,P0060,4,0.0,652.92
876,O0427,P0012,3,0.1,1673.97
877,O0428,P0122,2,0.0,413.26
878,O0428,P0112,2,0.1,1930.37
879,O0428,P0118,3,0.0,372.99
880,O0429,P0010,3,0.1,2361.88
881,O0429,P0054,1,0.0,398.5
882,O0430,P0093,3,0.1,1429.11
883,O0430,P0141,4,0.0,223.88
884,O0430,P0030,2,0.05,568.35
885,O0431,P0035,3,0.15,1245.73
886,O0431,P0072,4,0.0,4820.92
887,O0432,P0129,2,0.15,1343.26
888,O0432,P0033,2,0.15,1999.17
889,O0432,P0052,3,0.15,2171.96
890,O0433,P0053,1,0.1,495.76
891,O0433,P0103,3,0.0,2961.03
892,O0434,P0097,3,0.1,1645.68
893,O0435,P0051,2,0.1,248.47
894,O0436,P0099,3,0.15,811.97
895,O0437,P0103,2,0.15,1677.92
896,O0437,P0135,2,0.0,1262.22
897,O0437,P0137,3,0.1,934.82
898,O0438,P0019,1,0.1,947.71
899,O0438,P0122,4,0.0,826.52
900,O0438,P0034,4,0.05,2101.32
901,O0439,P0087,4,0.1,428.98
902,O0439,P0141,2,0.1,100.75
903,O0440,P0038,1,0.1,104.3
904,O0441,P0065,2,0.0,970.74
905,O0442,P0079,1,0.15,286.64
906,O0442,P0035,2,0.05,928.19
907,O0443,P0023,4,0.1,2023.45
908,O0443,P0060,3,0.05,465.21
909,O0444,P0060,2,0.05,310.14
910,O0445,P0094,1,0.15,461.86
911,O0445,P0075,4,0.0,5657.8
912,O0445,P0148,1,0.1,463.53
913,O0446,P0053,1,0.1,495.76
914,O0447,P0037,1,0.0,289.77
915,O0447,P0084,3,0.0,1021.86
916,O0448,P0009,3,0.05,1381.77
917,O0448,P0083,3,0.05,841.69
918,O0448,P0007,2,0.1,1378.55
919,O0449,P0027,3,0.15,562.94
920,O0449,P0009,1,0.1,436.35
921,O0450,P0055,2,0.1,1199.99
922,O0451,P0119,1,0.0,105.6
923,O0452,P0068,3,0.1,1375.57
924,O0453,P0093,2,0.1,952.74
925,O0453,P0115,2,0.05,363.34
926,O0454,P0048,3,0.1,465.94
927,O0455,P0131,4,0.0,1265.96
928,O0455,P0035,2,0.0,977.04
929,O0455,P0137,4,0.0,1384.92
930,O0456,P0036,4,0.0,3459.24
931,O0457,P0047,4,0.15,1349.32
932,O0458,P0093,4,0.1,1905.48
933,O0459,P0114,3,0.05,1374.44
934,O0459,P0043,1,0.15,439.64
935,O0460,P0082,2,0.0,1080.88
936,O0460,P0019,4,0.0,4212.04
937,O0460,P0051,4,0.1,496.94
938,O0461,P0102,4,0.15,2687.73
939,O0461,P0058,2,0.05,1621.31
940,O0461,P0017,2,0.1,2213.66
941,O0462,P0107,4,0.05,3891.62
942,O0462,P0030,3,0.1,807.65
943,O0463,P0062,4,0.0,1894.76
944,O0463,P0023,1,0.15,477.76
945,O0464,P0041,3,0.15,2183.46
946,O0465,P0040,2,0.1,775.73
947,O0465,P0038,3,0.05,330.29
948,O0466,P0125,1,0.15,501.19
949,O0466,P0033,1,0.1,1058.38
950,O0466,P0025,1,0.1,257.46
951,O0467,P0124,4,0.15,3615.53
952,O0467,P0149,4,0.05,1088.4
953,O0467,P0005,2,0.05,1214.52
954,O0468,P0062,4,0.0,1894.76
955,O0468,P0010,3,0.05,2493.09
956,O0469,P0111,4,0.15,1113.16
957,O0469,P0019,3,0.05,3001.08
958,O0469,P0001,2,0.0,1015.32
959,O0470,P0122,4,0.0,826.52
960,O0470,P0145,4,0.1,3387.49
961,O0470,P0030,1,0.15,254.26
962,O0471,P0131,3,0.15,807.05
963,O0472,P0068,1,0.15,433.05
964,O0473,P0046,4,0.0,1710.48
965,O0473,P0123,1,0.05,548.72
966,O0474,P0115,1,0.05,181.67
967,O0475,P0110,2,0.15,432.5
968,O0475,P0149,3,0.15,730.37
969,O0475,P0146,4,0.05,1753.32
970,O0476,P0021,3,0.1,2553.07
971,O0477,P0081,3,0.15,2689.36
972,O0477,P0123,3,0.0,1732.8
973,O0477,P0115,1,0.15,162.55
974,O0478,P0027,3,0.0,662.28
975,O0479,P0113,1,0.0,535.29
976,O0479,P0121,3,0.0,1494.0
977,O0480,P0125,1,0.05,560.15
978,O0480,P0111,4,0.15,1113.16
979,O0481,P0078,3,0.15,778.31
980,O0481,P0104,4,0.15,880.5
981,O0481,P0125,4,0.05,2240.59
982,O0482,P0143,2,0.15,522.22
983,O0482,P0149,2,0.05,544.2
984,O0482,P0122,4,0.1,743.87
985,O0483,P0090,2,0.1,568.44
986,O0483,P0088,2,0.05,604.98
987,O0484,P0066,1,0.0,953.88
988,O0485,P0014,4,0.15,1137.98
989,O0486,P0066,1,0.05,906.19
990,O0487,P0122,4,0.15,702.54
991,O0487,P0125,4,0.05,2240.59
992,O0487,P0128,4,0.15,3200.45
993,O0488,P0026,4,0.15,807.33
994,O0488,P0005,3,0.05,1821.78
995,O0488,P0025,2,0.15,486.32
996,O0489,P0098,1,0.15,766.19
997,O0489,P0064,2,0.1,1444.77
998,O0489,P0041,4,0.1,3082.54
999,O0490,P0149,1,0.15,243.46
1000,O0491,P0046,3,0.0,1282.86
1001,O0491,P0067,4,0.0,1174.96
1002,O0491,P0048,2,0.1,310.63
1003,O0492,P0101,1,0.0,1017.62
1004,O0492,P0111,2,0.15,556.58
1005,O0493,P0136,1,0.1,333.91
1006,O0493,P0036,1,0.1,778.33
1007,O0493,P0135,1,0.15,536.44
1008,O0494,P0066,4,0.1,3433.97
1009,O0494,P0093,4,0.1,1905.48
1010,O0495,P0107,3,0.05,2918.71
1011,O0495,P0095,1,0.1,833.03
1012,O0496,P0057,3,0.0,485.76
1013,O0496,P0038,4,0.05,440.38
1014,O0496,P0087,1,0.1,107.24
1015,O0497,P0089,1,0.1,288.59
1016,O0497,P0010,4,0.0,3499.08
1017,O0497,P0040,2,0.0,861.92
1018,O0498,P0001,3,0.05,1446.83
1019,O0498,P0105,3,0.1,220.81
1020,O0499,P0127,1,0.0,622.01
1021,O0499,P0113,2,0.05,1017.05
1022,O0500,P0085,4,0.1,3035.02
1023,O0500,P0046,2,0.1,769.72
1024,O0500,P0138,2,0.15,1516.79
1025,O0501,P0032,1,0.1,232.95
1026,O0502,P0007,2,0.05,1455.13
1027,O0503,P0131,4,0.15,1076.07
1028,O0503,P0068,2,0.15,866.1
1029,O0504,P0139,2,0.05,968.15
1030,O0504,P0027,3,0.0,662.28
1031,O0504,P0008,3,0.0,707.52
1032,O0505,P0078,2,0.15,518.87
1033,O0506,P0038,4,0.1,417.2
1034,O0506,P0091,4,0.05,5932.14
1035,O0507,P0071,4,0.15,530.74
1036,O0507,P0012,3,0.05,1766.97
1037,O0508,P0057,4,0.0,647.68
1038,O0508,P0023,3,0.15,1433.28
1039,O0508,P0063,4,0.1,2361.42
1040,O0509,P0066,1,0.0,953.88
1041,O0509,P0081,3,0.15,2689.36
1042,O0509,P0107,3,0.1,2765.1
1043,O0510,P0116,3,0.0,2572.44
1044,O0510,P0114,3,0.15,1229.76
1045,O0511,P0114,2,0.05,916.29
1046,O0511,P0099,3,0.05,907.5
1047,O0512,P0100,1,0.0,474.05
1048,O0512,P0086,1,0.0,580.62
1049,O0513,P0150,1,0.0,1547.64
1050,O0513,P0123,4,0.1,2079.36
1051,O0514,P0111,3,0.1,883.98
1052,O0515,P0126,1,0.0,1093.85
1053,O0516,P0118,1,0.0,124.33
1054,O0516,P0081,2,0.0,2109.3
1055,O0516,P0036,1,0.0,864.81
1056,O0517,P0097,2,0.15,1036.17
1057,O0517,P0076,2,0.0,1046.08
1058,O0517,P0098,2,0.1,1622.52
1059,O0518,P0117,4,0.0,1929.0
1060,O0518,P0024,4,0.1,1056.35
1061,O0519,P0121,3,0.1,1344.6
1062,O0519,P0090,2,0.0,631.6
1063,O0520,P0054,1,0.15,338.72
1064,O0520,P0092,4,0.1,2321.6
1065,O0521,P0095,3,0.1,2499.09
1066,O0522,P0044,4,0.0,1331.44
1067,O0523,P0085,2,0.15,1433.2
1068,O0523,P0088,2,0.15,541.3
1069,O0524,P0124,2,0.15,1807.76
1070,O0525,P0110,1,0.15,216.25
1071,O0526,P0054,3,0.0,1195.5
1072,O0526,P0111,1,0.0,327.4
1073,O0526,P0028,1,0.1,1083.82
1074,O0527,P0107,1,0.15,870.49
1075,O0527,P0131,2,0.0,632.98
1076,O0528,P0015,4,0.1,2873.81
1077,O0529,P0024,3,0.15,748.25
1078,O0530,P0046,1,0.15,363.48
1079,O0530,P0106,4,0.15,728.31
1080,O0530,P0102,4,0.0,3162.04
1081,O0531,P0096,2,0.0,1041.88
1082,O0531,P0053,4,0.15,1872.89
1083,O0531,P0067,1,0.1,264.37
1084,O0532,P0079,3,0.15,859.91
1085,O0532,P0040,1,0.0,430.96
1086,O0533,P0124,3,0.0,3190.17
1087,O0533,P0127,4,0.1,2239.24
1088,O0534,P0030,2,0.05,568.35
1089,O0534,P0056,1,0.15,342.55
1090,O0534,P0095,2,0.1,1666.06
1091,O0535,P0116,4,0.0,3429.92
1092,O0535,P0038,3,0.15,295.52
1093,O0535,P0123,1,0.15,490.96
1094,O0536,P0022,2,0.05,436.3
1095,O0536,P0101,1,0.05,966.74
1096,O0536,P0097,1,0.05,579.03
1097,O0537,P0058,4,0.0,3413.28
1098,O0537,P0103,3,0.15,2516.88
1099,O0538,P0083,4,0.0,1181.32
1100,O0538,P0143,1,0.1,276.47
1101,O0538,P0062,1,0.1,426.32
1102,O0539,P0023,1,0.15,477.76
1103,O0539,P0021,1,0.05,898.3
1104,O0539,P0088,4,0.05,1209.96
1105,O0540,P0138,2,0.0,1784.46
1106,O0540,P0122,1,0.05,196.3
1107,O0540,P0148,4,0.0,2060.12
1108,O0541,P0038,1,0.05,110.1
1109,O0541,P0134,2,0.0,1348.64
1110,O0542,P0124,1,0.1,957.05
1111,O0543,P0060,4,0.05,620.27
1112,O0544,P0137,1,0.0,346.23
1113,O0544,P0061,1,0.15,611.05
1114,O0544,P0038,2,0.0,231.78
1115,O0545,P0029,4,0.1,612.14
1116,O0546,P0102,4,0.1,2845.84
1117,O0546,P0049,1,0.05,534.62
1118,O0546,P0022,3,0.05,654.45
1119,O0547,P0013,2,0.1,1005.97
1120,O0548,P0093,1,0.1,476.37
1121,O0549,P0017,4,0.05,4673.28
1122,O0550,P0116,3,0.05,2443.82
1123,O0550,P0059,4,0.05,3183.91
1124,O0550,P0102,1,0.05,750.98
1125,O0551,P0025,4,0.05,1087.07
1126,O0552,P0116,4,0.0,3429.92
1127,O0553,P0073,1,0.05,1285.05
1128,O0554,P0070,3,0.15,2880.96
1129,O0555,P0112,4,0.05,4075.23
1130,O0555,P0027,2,0.05,419.44
1131,O0555,P0047,3,0.15,1011.99
1132,O0556,P0013,2,0.05,1061.85
1133,O0556,P0031,1,0.05,674.01
1134,O0557,P0115,4,0.0,764.92
1135,O0557,P0024,3,0.1,792.26
1136,O0557,P0010,4,0.0,3499.08
1137,O0558,P0079,2,0.05,640.72
1138,O0558,P0070,1,0.0,1129.79
1139,O0558,P0147,3,0.05,1918.45
1140,O0559,P0120,2,0.1,586.37
1141,O0559,P0062,1,0.05,450.01
1142,O0560,P0039,2,0.15,2048.23
1143,O0561,P0129,2,0.05,1501.28
1144,O0561,P0071,1,0.0,156.1
1145,O0562,P0027,3,0.1,596.05
1146,O0562,P0078,2,0.15,518.87
1147,O0562,P0119,3,0.1,285.12
1148,O0563,P0099,4,0.0,1273.68
1149,O0563,P0097,1,0.0,609.51
1150,O0563,P0066,2,0.05,1812.37
1151,O0564,P0067,4,0.0,1174.96
1152,O0565,P0136,2,0.15,630.72
1153,O0566,P0012,3,0.15,1580.97
1154,O0566,P0129,2,0.1,1422.27
1155,O0566,P0125,2,0.0,1179.26
1156,O0567,P0107,2,0.0,2048.22
1157,O0567,P0121,2,0.15,846.6
1158,O0568,P0126,4,0.05,4156.63
1159,O0569,P0105,4,0.15,278.05
1160,O0570,P0129,4,0.05,3002.57
1161,O0571,P0058,4,0.05,3242.62
1162,O0572,P0091,3,0.05,4449.11
1163,O0572,P0117,4,0.05,1832.55
1164,O0573,P0023,3,0.1,1517.59
1165,O0573,P0128,2,0.1,1694.36
1166,O0573,P0049,2,0.0,1125.52
1167,O0574,P0090,1,0.1,284.22
1168,O0574,P0028,2,0.0,2408.48
1169,O0574,P0023,4,0.15,1911.04
1170,O0575,P0022,2,0.1,413.33
1171,O0575,P0088,2,0.1,573.14
1172,O0576,P0006,2,0.05,1459.64
1173,O0576,P0035,2,0.0,977.04
1174,O0576,P0030,4,0.15,1017.04
1175,O0577,P0125,4,0.15,2004.74
1176,O0578,P0125,1,0.15,501.19
1177,O0578,P0050,2,0.05,1066.95
1178,O0579,P0014,4,0.05,1271.86
1179,O0579,P0100,2,0.0,948.1
1180,O0580,P0071,1,0.0,156.1
1181,O0580,P0078,4,0.0,1220.88
1182,O0581,P0037,4,0.15,985.22
1183,O0581,P0074,1,0.15,792.61
1184,O0582,P0147,2,0.0,1346.28
1185,O0582,P0120,1,0.15,276.9
1186,O0583,P0004,2,0.1,682.0
1187,O0584,P0055,2,0.0,1333.32
1188,O0584,P0111,1,0.15,278.29
1189,O0585,P0039,3,0.05,3433.79
1190,O0585,P0118,4,0.0,497.32
1191,O0585,P0045,4,0.15,200.43
1192,O0586,P0094,4,0.05,2064.77
1193,O0587,P0060,4,0.0,652.92
1194,O0587,P0084,1,0.15,289.53
1195,O0588,P0134,3,0.0,2022.96
1196,O0588,P0011,3,0.15,1172.9
1197,O0588,P0105,3,0.05,233.07
1198,O0589,P0012,1,0.1,557.99
1199,O0589,P0045,1,0.1,53.05
1200,O0589,P0092,1,0.0,644.89
1201,O0590,P0085,3,0.15,2149.8
1202,O0590,P0058,1,0.1,767.99
1203,O0591,P0020,2,0.0,2420.66
1204,O0591,P0113,2,0.05,1017.05
1205,O0592,P0004,2,0.0,757.78
1206,O0592,P0007,4,0.05,2910.27
1207,O0593,P0080,2,0.1,1867.52
1208,O0593,P0105,3,0.1,220.81
1209,O0593,P0062,4,0.1,1705.28
1210,O0594,P0051,1,0.1,124.24
1211,O0595,P0074,4,0.15,3170.43
1212,O0595,P0016,1,0.15,467.88
1213,O0596,P0033,3,0.15,2998.75
1214,O0596,P0088,3,0.0,955.23
1215,O0596,P0063,2,0.15,1115.12
1216,O0597,P0127,1,0.15,528.71
1217,O0598,P0135,3,0.0,1893.33
1218,O0599,P0069,2,0.1,1107.88
1219,O0600,P0027,2,0.15,375.29
1220,O0601,P0042,2,0.0,2039.0
1221,O0602,P0015,4,0.05,3033.46
1222,O0602,P0101,4,0.1,3663.43
1223,O0603,P0048,4,0.0,690.28
1224,O0603,P0109,3,0.05,3131.07
1225,O0604,P0098,1,0.05,856.33
1226,O0605,P0018,3,0.15,1078.68
1227,O0605,P0062,3,0.1,1278.96
1228,O0605,P0118,4,0.15,422.72
1229,O0606,P0059,3,0.05,2387.93
1230,O0606,P0035,3,0.05,1392.28
1231,O0607,P0089,2,0.15,545.11
1232,O0607,P0128,3,0.1,2541.54
1233,O0608,P0106,2,0.1,385.58
1234,O0609,P0110,4,0.05,966.76
1235,O0609,P0130,2,0.1,305.19
1236,O0610,P0101,2,0.05,1933.48
1237,O0611,P0061,2,0.0,1437.76
1238,O0612,P0015,3,0.05,2275.1
1239,O0613,P0037,3,0.1,782.38
1240,O0613,P0003,2,0.05,1738.35
1241,O0614,P0028,1,0.1,1083.82
1242,O0614,P0026,3,0.05,676.73
1243,O0614,P0059,3,0.15,2136.57
1244,O0615,P0133,2,0.1,1466.57
1245,O0615,P0075,1,0.0,1414.45
1246,O0615,P0015,4,0.15,2714.15
1247,O0616,P0139,4,0.1,1834.38
1248,O0617,P0008,1,0.1,212.26
1249,O0618,P0112,3,0.15,2734.7
1250,O0618,P0075,3,0.05,4031.18
1251,O0618,P0107,4,0.1,3686.8
1252,O0619,P0053,1,0.15,468.22
1253,O0619,P0012,1,0.05,588.99
1254,O0619,P0149,1,0.1,257.78
1255,O0620,P0036,4,0.05,3286.28
1256,O0621,P0125,3,0.0,1768.89
1257,O0621,P0073,3,0.0,4058.04
1258,O0622,P0134,2,0.05,1281.21
1259,O0622,P0150,3,0.05,4410.77
1260,O0622,P0020,1,0.0,1210.33
1261,O0623,P0015,4,0.0,3193.12
1262,O0623,P0105,4,0.05,310.76
1263,O0623,P0032,4,0.1,931.79
1264,O0624,P0113,1,0.1,481.76
1265,O0624,P0068,4,0.05,1935.99
1266,O0624,P0061,4,0.1,2587.97
1267,O0625,P0145,3,0.0,2822.91
1268,O0625,P0037,3,0.1,782.38
1269,O0626,P0009,3,0.15,1236.32
1270,O0626,P0143,1,0.05,291.83
1271,O0627,P0150,4,0.15,5261.98
1272,O0627,P0147,4,0.1,2423.3
1273,O0627,P0089,2,0.15,545.11
1274,O0628,P0109,4,0.05,4174.76
1275,O0628,P0123,1,0.05,548.72
1276,O0628,P0054,2,0.1,717.3
1277,O0629,P0112,3,0.0,3217.29
1278,O0629,P0134,4,0.0,2697.28
1279,O0630,P0015,4,0.1,2873.81
1280,O0631,P0115,2,0.15,325.09
1281,O0631,P0131,2,0.05,601.33
1282,O0632,P0023,4,0.1,2023.45
1283,O0633,P0103,4,0.0,3948.04
1284,O0633,P0081,3,0.1,2847.56
1285,O0633,P0011,4,0.15,1563.86
1286,O0634,P0056,1,0.0,403.0
1287,O0635,P0075,3,0.1,3819.01
1288,O0636,P0096,4,0.0,2083.76
1289,O0636,P0113,3,0.15,1364.99
1290,O0636,P0097,2,0.15,1036.17
1291,O0637,P0017,2,0.0,2459.62
1292,O0637,P0060,1,0.1,146.91
1293,O0637,P0049,4,0.0,2251.04
1294,O0638,P0027,3,0.15,562.94
1295,O0638,P0089,4,0.1,1154.34
1296,O0638,P0136,4,0.0,1484.04
1297,O0639,P0150,1,0.1,1392.88
1298,O0639,P0057,2,0.0,323.84
1299,O0640,P0113,3,0.15,1364.99
1300,O0641,P0044,2,0.1,599.15
1301,O0641,P0095,2,0.0,1851.18
1302,O0641,P0020,3,0.1,3267.89
1303,O0642,P0047,3,0.0,1190.58
1304,O0642,P0047,3,0.1,1071.52
1305,O0643,P0004,1,0.05,359.95
1306,O0643,P0144,2,0.0,299.04
1307,O0643,P0116,2,0.1,1543.46
1308,O0644,P0035,3,0.1,1319.0
1309,O0644,P0068,3,0.0,1528.41
1310,O0645,P0104,3,0.05,738.06
1311,O0645,P0100,1,0.05,450.35
1312,O0645,P0059,3,0.1,2262.25
1313,O0646,P0017,4,0.1,4427.32
1314,O0646,P0050,2,0.0,1123.1
1315,O0647,P0146,2,0.05,876.66
1316,O0648,P0106,1,0.15,182.08
1317,O0649,P0045,1,0.0,58.95
1318,O0649,P0123,2,0.0,1155.2
1319,O0650,P0076,3,0.1,1412.21
1320,O0650,P0134,3,0.05,1921.81
1321,O0651,P0140,3,0.05,2401.01
1322,O0651,P0014,3,0.0,1004.1
1323,O0652,P0125,1,0.05,560.15
1324,O0652,P0110,2,0.05,483.38
1325,O0652,P0007,2,0.1,1378.55
1326,O0653,P0102,2,0.05,1501.97
1327,O0654,P0128,4,0.0,3765.24
1328,O0655,P0087,1,0.15,101.29
1329,O0656,P0020,1,0.05,1149.81
1330,O0656,P0073,1,0.0,1352.68
1331,O0657,P0097,1,0.15,518.08
1332,O0657,P0005,1,0.1,575.3
1333,O0657,P0020,1,0.0,1210.33
1334,O0658,P0084,1,0.0,340.62
1335,O0658,P0056,1,0.05,382.85
1336,O0659,P0108,2,0.05,770.15
1337,O0659,P0119,3,0.0,316.8
1338,O0659,P0070,1,0.05,1073.3
1339,O0660,P0029,3,0.1,459.11
1340,O0660,P0092,3,0.05,1837.94
1341,O0660,P0023,2,0.0,1124.14
1342,O0661,P0036,1,0.05,821.57
1343,O0662,P0060,2,0.1,293.81
1344,O0662,P0024,2,0.0,586.86
1345,O0662,P0020,1,0.05,1149.81
1346,O0663,P0042,4,0.1,3670.2
1347,O0663,P0049,2,0.15,956.69
1348,O0663,P0100,1,0.05,450.35
1349,O0664,P0117,4,0.15,1639.65
1350,O0664,P0011,2,0.05,873.92
1351,O0665,P0089,1,0.1,288.59
1352,O0665,P0027,1,0.15,187.65
1353,O0666,P0122,2,0.15,351.27
1354,O0667,P0057,3,0.0,485.76
1355,O0667,P0025,1,0.1,257.46
1356,O0668,P0093,1,0.15,449.9
1357,O0668,P0023,3,0.15,1433.28
1358,O0669,P0052,3,0.15,2171.96
1359,O0669,P0047,2,0.15,674.66
1360,O0669,P0023,3,0.15,1433.28
1361,O0670,P0088,1,0.15,270.65
1362,O0671,P0115,3,0.05,545.01
1363,O0671,P0120,1,0.15,276.9
1364,O0671,P0006,1,0.15,653.0
1365,O0672,P0062,1,0.0,473.69
1366,O0672,P0074,2,0.15,1585.22
1367,O0673,P0123,1,0.05,548.72
1368,O0673,P0096,1,0.1,468.85
1369,O0674,P0100,3,0.05,1351.04
1370,O0675,P0006,4,0.0,3072.92
1371,O0675,P0144,2,0.15,254.18
1372,O0675,P0008,4,0.1,849.02
1373,O0676,P0012,3,0.15,1580.97
1374,O0676,P0054,3,0.15,1016.18
1375,O0676,P0063,4,0.15,2230.23
1376,O0677,P0007,3,0.05,2182.7
1377,O0677,P0100,4,0.0,1896.2
1378,O0677,P0112,1,0.1,965.19
1379,O0678,P0069,4,0.05,2338.86
1380,O0678,P0131,2,0.0,632.98
1381,O0679,P0092,1,0.0,644.89
1382,O0680,P0031,1,0.05,674.01
1383,O0680,P0001,4,0.1,1827.58
1384,O0681,P0139,3,0.0,1528.65
1385,O0682,P0115,4,0.15,650.18
1386,O0683,P0121,3,0.15,1269.9
1387,O0684,P0011,3,0.1,1241.89
1388,O0684,P0080,1,0.0,1037.51
1389,O0685,P0016,1,0.15,467.88
1390,O0685,P0035,4,0.1,1758.67
1391,O0686,P0088,4,0.15,1082.59
1392,O0686,P0030,1,0.0,299.13
1393,O0687,P0144,3,0.05,426.13
1394,O0688,P0106,4,0.05,814.0
1395,O0688,P0088,3,0.15,811.95
1396,O0689,P0108,1,0.15,344.54
1397,O0689,P0111,4,0.15,1113.16
1398,O0690,P0063,2,0.0,1311.9
1399,O0690,P0030,4,0.1,1076.87
1400,O0690,P0036,4,0.15,2940.35
1401,O0691,P0135,3,0.1,1704.0
1402,O0691,P0050,3,0.0,1684.65
1403,O0691,P0035,1,0.0,488.52
1404,O0692,P0096,3,0.1,1406.54
1405,O0693,P0041,1,0.1,770.63
1406,O0693,P0003,4,0.0,3659.68
1407,O0693,P0110,4,0.1,915.88
1408,O0694,P0132,4,0.1,3078.25
1409,O0694,P0089,1,0.05,304.62
1410,O0695,P0101,2,0.1,1831.72
1411,O0696,P0048,1,0.0,172.57
1412,O0696,P0013,3,0.0,1676.61
1413,O0696,P0065,3,0.05,1383.3
1414,O0697,P0137,3,0.0,1038.69
1415,O0698,P0110,4,0.15,864.99
1416,O0698,P0090,3,0.0,947.4
1417,O0699,P0105,4,0.0,327.12
1418,O0699,P0087,3,0.15,303.86
1419,O0699,P0065,4,0.1,1747.33
1420,O0700,P0041,1,0.15,727.82
1421,O0700,P0087,1,0.05,113.2
1422,O0700,P0127,3,0.15,1586.13
1423,O0701,P0147,3,0.05,1918.45
1424,O0701,P0142,3,0.1,825.23
1425,O0701,P0003,4,0.05,3476.7
1426,O0702,P0069,1,0.05,584.72
1427,O0702,P0050,3,0.1,1516.19
1428,O0703,P0050,3,0.15,1431.95
1429,O0704,P0144,1,0.0,149.52
1430,O0705,P0039,3,0.1,3253.07
1431,O0705,P0058,1,0.15,725.32
1432,O0705,P0061,4,0.05,2731.74
1433,O0706,P0001,1,0.1,456.89
1434,O0706,P0058,3,0.15,2175.97
1435,O0707,P0039,3,0.05,3433.79
1436,O0707,P0134,4,0.15,2292.69
1437,O0707,P0049,3,0.15,1435.04
1438,O0708,P0016,2,0.0,1100.9
1439,O0708,P0008,2,0.15,400.93
1440,O0708,P0110,2,0.15,432.5
1441,O0709,P0048,4,0.0,690.28
1442,O0709,P0094,2,0.1,978.05
1443,O0710,P0094,2,0.05,1032.38
1444,O0710,P0090,2,0.1,568.44
1445,O0711,P0094,4,0.1,1956.1
1446,O0711,P0121,1,0.05,473.1
1447,O0712,P0092,3,0.1,1741.2
1448,O0712,P0111,2,0.1,589.32
1449,O0713,P0127,2,0.15,1057.42
1450,O0713,P0091,2,0.0,3122.18
1451,O0713,P0030,2,0.05,568.35
1452,O0714,P0078,2,0.1,549.4
1453,O0715,P0107,4,0.15,3481.97
1454,O0715,P0017,4,0.0,4919.24
1455,O0716,P0147,2,0.1,1211.65
1456,O0717,P0009,1,0.1,436.35
1457,O0718,P0148,2,0.0,1030.06
1458,O0718,P0014,4,0.0,1338.8
1459,O0719,P0144,1,0.1,134.57
1460,O0720,P0143,3,0.0,921.57
1461,O0720,P0082,4,0.1,1945.58
1462,O0720,P0041,1,0.15,727.82
1463,O0721,P0103,2,0.05,1875.32
1464,O0721,P0099,1,0.0,318.42
1465,O0721,P0127,3,0.15,1586.13
1466,O0722,P0127,2,0.0,1244.02
1467,O0723,P0036,3,0.15,2205.27
1468,O0723,P0115,2,0.15,325.09
1469,O0724,P0084,2,0.0,681.24
1470,O0725,P0095,2,0.1,1666.06
1471,O0726,P0036,4,0.1,3113.32
1472,O0726,P0142,1,0.15,259.79
1473,O0727,P0144,3,0.0,448.56
1474,O0727,P0124,3,0.15,2711.64
1475,O0727,P0141,4,0.05,212.69
1476,O0728,P0084,2,0.1,613.12
1477,O0728,P0134,4,0.1,2427.55
1478,O0729,P0003,1,0.0,914.92
1479,O0729,P0065,1,0.05,461.1
1480,O0730,P0052,4,0.1,3066.3
1481,O0730,P0149,3,0.0,859.26
1482,O0731,P0076,2,0.15,889.17
1483,O0731,P0089,4,0.0,1282.6
1484,O0731,P0005,4,0.1,2301.19
1485,O0732,P0093,1,0.05,502.83
1486,O0732,P0064,3,0.05,2287.55
1487,O0733,P0008,4,0.1,849.02
1488,O0734,P0122,4,0.0,826.52
1489,O0734,P0056,3,0.0,1209.0
1490,O0734,P0007,4,0.15,2603.92
1491,O0735,P0059,4,0.1,3016.33
1492,O0735,P0137,4,0.0,1384.92
1493,O0735,P0073,2,0.1,2434.82
1494,O0736,P0068,1,0.1,458.52
1495,O0736,P0113,4,0.1,1927.04
1496,O0736,P0053,4,0.0,2203.4
1497,O0737,P0031,2,0.15,1206.12
1498,O0738,P0023,2,0.0,1124.14
1499,O0738,P0091,4,0.05,5932.14
1500,O0738,P0120,3,0.1,879.55
1501,O0739,P0134,1,0.0,674.32
1502,O0739,P0007,2,0.05,1455.13
1503,O0739,P0128,2,0.15,1600.23
1504,O0740,P0030,4,0.15,1017.04
1505,O0740,P0061,2,0.1,1293.98
1506,O0741,P0073,3,0.1,3652.24
1507,O0742,P0018,1,0.15,359.56
1508,O0743,P0001,2,0.15,863.02
1509,O0743,P0049,4,0.05,2138.49
1510,O0744,P0115,1,0.05,181.67
1511,O0745,P0079,4,0.05,1281.44
1512,O0746,P0053,2,0.0,1101.7
1513,O0746,P0065,4,0.15,1650.26
1514,O0747,P0106,3,0.05,610.5
1515,O0747,P0071,1,0.1,140.49
1516,O0747,P0001,2,0.0,1015.32
1517,O0748,P0097,4,0.15,2072.33
1518,O0749,P0086,4,0.0,2322.48
1519,O0749,P0083,2,0.05,561.13
1520,O0749,P0085,2,0.1,1517.51
1521,O0750,P0119,4,0.15,359.04
1522,O0750,P0143,2,0.15,522.22
1523,O0751,P0052,2,0.1,1533.15
1524,O0752,P0058,2,0.15,1450.64
1525,O0752,P0085,2,0.15,1433.2
1526,O0752,P0109,2,0.0,2197.24
1527,O0753,P0125,3,0.05,1680.45
1528,O0753,P0082,4,0.05,2053.67
1529,O0754,P0105,4,0.0,327.12
1530,O0754,P0077,1,0.15,321.81
1531,O0755,P0075,3,0.15,3606.85
1532,O0756,P0068,2,0.15,866.1
1533,O0756,P0035,4,0.1,1758.67
1534,O0756,P0119,1,0.0,105.6
1535,O0757,P0118,1,0.0,124.33
1536,O0757,P0150,3,0.05,4410.77
1537,O0757,P0150,4,0.1,5571.5
1538,O0758,P0073,1,0.0,1352.68
1539,O0758,P0147,3,0.15,1716.51
1540,O0758,P0121,3,0.15,1269.9
1541,O0759,P0001,3,0.05,1446.83
1542,O0759,P0075,1,0.05,1343.73
1543,O0759,P0145,3,0.05,2681.76
1544,O0760,P0054,4,0.1,1434.6
1545,O0760,P0145,4,0.05,3575.69
1546,O0760,P0077,1,0.1,340.74
1547,O0761,P0090,4,0.05,1200.04
1548,O0761,P0075,3,0.0,4243.35
1549,O0761,P0008,3,0.0,707.52
1550,O0762,P0133,4,0.1,2933.14
1551,O0763,P0148,3,0.15,1313.33
1552,O0763,P0032,3,0.1,698.84
1553,O0763,P0120,3,0.1,879.55
1554,O0764,P0114,2,0.1,868.07
1555,O0764,P0031,4,0.05,2696.02
1556,O0765,P0008,4,0.0,943.36
1557,O0765,P0052,2,0.05,1618.32
1558,O0765,P0034,1,0.05,525.33
1559,O0766,P0080,1,0.15,881.88
1560,O0767,P0100,2,0.15,805.88
1561,O0767,P0145,4,0.0,3763.88
1562,O0768,P0069,1,0.15,523.17
1563,O0768,P0033,3,0.15,2998.75
1564,O0769,P0064,4,0.0,3210.6
1565,O0769,P0076,2,0.0,1046.08
1566,O0770,P0148,1,0.05,489.28
1567,O0770,P0070,3,0.05,3219.9
1568,O0771,P0085,3,0.05,2402.72
1569,O0772,P0020,1,0.05,1149.81
1570,O0772,P0130,4,0.0,678.2
1571,O0772,P0030,2,0.15,508.52
1572,O0773,P0023,1,0.1,505.86
1573,O0773,P0030,1,0.1,269.22
1574,O0773,P0043,1,0.15,439.64
1575,O0774,P0138,1,0.1,803.01
1576,O0774,P0008,2,0.0,471.68
1577,O0775,P0032,4,0.15,880.02
1578,O0776,P0111,3,0.0,982.2
1579,O0776,P0095,3,0.0,2776.77
1580,O0777,P0023,4,0.1,2023.45
1581,O0777,P0052,2,0.05,1618.32
1582,O0777,P0114,1,0.1,434.03
1583,O0778,P0148,1,0.0,515.03
1584,O0778,P0038,4,0.0,463.56
1585,O0779,P0123,3,0.05,1646.16
1586,O0779,P0036,2,0.15,1470.18
1587,O0780,P0078,1,0.05,289.96
1588,O0781,P0082,4,0.15,1837.5
1589,O0782,P0108,2,0.0,810.68
1590,O0782,P0065,3,0.15,1237.69
1591,O0783,P0124,3,0.05,3030.66
1592,O0783,P0053,3,0.0,1652.55
1593,O0784,P0010,2,0.15,1487.11
1594,O0784,P0078,4,0.15,1037.75
1595,O0785,P0109,3,0.15,2801.48
1596,O0785,P0016,1,0.15,467.88
1597,O0786,P0075,2,0.15,2404.56
1598,O0786,P0063,4,0.0,2623.8
1599,O0787,P0122,3,0.15,526.91
1600,O0788,P0134,2,0.05,1281.21
1601,O0788,P0054,4,0.0,1594.0
1602,O0788,P0094,3,0.15,1385.57
1603,O0789,P0091,1,0.15,1326.93
1604,O0789,P0070,3,0.05,3219.9
1605,O0790,P0033,3,0.05,3351.54
1606,O0791,P0128,4,0.1,3388.72
1607,O0791,P0074,1,0.0,932.48
1608,O0791,P0143,1,0.0,307.19
1609,O0792,P0141,4,0.15,190.3
1610,O0792,P0130,1,0.15,144.12
1611,O0792,P0064,3,0.1,2167.16
1612,O0793,P0015,1,0.0,798.28
1613,O0793,P0058,1,0.15,725.32
1614,O0794,P0041,2,0.15,1455.64
1615,O0795,P0140,1,0.15,716.09
1616,O0796,P0021,3,0.1,2553.07
1617,O0796,P0070,4,0.15,3841.29
1618,O0796,P0080,3,0.1,2801.28
1619,O0797,P0126,2,0.05,2078.31
1620,O0798,P0062,3,0.0,1421.07
1621,O0799,P0032,1,0.0,258.83
1622,O0799,P0055,4,0.0,2666.64
1623,O0800,P0113,2,0.15,909.99
